timestamp,quality,angle_deg,distance_mm
1785143212.799601,15,357.453125,7079.0
1785143212.799601,15,359.09375,7055.5
1785143212.799601,15,0.75,7049.0
1785143212.799601,15,2.40625,7055.5
1785143212.799601,15,4.0625,6963.0
1785143212.799601,15,5.71875,6824.25
1785143212.799601,15,8.96875,8838.75
1785143212.799601,15,18.734375,450.25
1785143212.799601,15,20.21875,445.75
1785143212.799601,15,22.03125,445.25
1785143212.799601,15,28.046875,491.75
1785143212.799601,15,47.46875,106.25
1785143212.799601,15,162.109375,10313.75
1785143212.799601,15,163.75,10161.25
1785143212.799601,15,165.40625,10111.75
1785143212.799601,15,193.53125,5658.0
1785143212.799601,8,195.203125,5541.75
1785143212.799601,12,198.515625,5131.25
1785143212.799601,14,206.8125,4185.75
1785143212.799601,15,210.140625,3947.0
1785143212.799601,10,211.796875,3851.25
1785143212.799601,15,213.453125,3752.0
1785143212.799601,8,215.125,3662.75
1785143212.799601,15,216.796875,3572.0
1785143212.799601,15,218.4375,3475.75
1785143212.799601,15,220.09375,3386.5
1785143212.799601,15,223.40625,3199.5
1785143212.799601,15,225.09375,3124.75
1785143212.799601,15,226.703125,3071.75
1785143212.799601,10,230.046875,2880.75
1785143212.799601,15,231.6875,2836.5
1785143212.799601,15,233.34375,2821.5
1785143212.799601,14,235.0,2808.25
1785143212.799601,13,236.640625,2774.75
1785143212.799601,11,238.296875,2743.25
1785143212.799601,15,239.921875,2733.0
1785143212.799601,12,241.578125,2696.25
1785143212.799601,14,243.234375,2661.5
1785143212.799601,13,244.875,2646.5
1785143212.799601,15,246.515625,2630.75
1785143212.799601,15,248.1875,2617.0
1785143212.799601,15,249.84375,2605.75
1785143212.799601,15,251.5,2594.75
1785143212.799601,15,253.140625,2591.5
1785143212.799601,15,254.78125,2596.0
1785143212.799601,15,256.421875,2597.0
1785143212.799601,10,258.078125,2586.5
1785143212.799601,10,259.734375,2577.5
1785143212.799601,10,261.359375,2570.0
1785143212.799601,9,263.046875,2571.0
1785143212.799601,15,264.671875,2588.5
1785143212.799601,15,266.3125,2604.75
1785143212.799601,15,267.953125,2613.5
1785143212.799601,15,269.609375,2608.75
1785143212.799601,15,271.25,2613.25
1785143212.799601,13,272.890625,2634.0
1785143212.799601,11,274.546875,2645.0
1785143212.799601,13,276.171875,2658.75
1785143212.799601,15,277.796875,2688.5
1785143212.799601,14,279.4375,2724.5
1785143212.799601,11,281.078125,2753.75
1785143212.799601,15,282.703125,2797.0
1785143212.799601,15,284.328125,2853.0
1785143212.799601,9,286.0,2893.5
1785143212.799601,12,287.640625,2930.25
1785143212.799601,15,289.234375,2976.75
1785143212.799601,8,290.890625,3002.75
1785143212.799601,15,343.5625,9690.25
1785143212.799601,15,346.875,9425.75
1785143212.799601,15,348.53125,9349.5
1785143214.253285,15,356.828125,7105.0
1785143214.253285,15,358.5,7106.0
1785143214.253285,15,0.125,7066.25
1785143214.253285,15,1.78125,7059.5
1785143214.253285,15,5.109375,6820.0
1785143214.253285,15,8.359375,8852.5
1785143214.253285,15,10.0,8939.25
1785143214.253285,15,19.828125,445.0
1785143214.253285,15,21.5625,444.25
1785143214.253285,15,46.609375,107.0
1785143214.253285,15,163.171875,10242.25
1785143214.253285,11,164.8125,10144.0
1785143214.253285,8,173.046875,10204.5
1785143214.253285,15,178.0,10541.75
1785143214.253285,12,194.671875,5556.0
1785143214.253285,9,204.609375,4400.75
1785143214.253285,15,209.59375,3976.0
1785143214.253285,11,211.265625,3879.0
1785143214.253285,14,212.90625,3782.5
1785143214.253285,15,214.5625,3693.5
1785143214.253285,15,216.234375,3594.25
1785143214.253285,15,217.890625,3504.75
1785143214.253285,6,219.53125,3415.5
1785143214.253285,15,221.1875,3336.5
1785143214.253285,14,226.15625,3067.0
1785143214.253285,15,232.78125,2827.75
1785143214.253285,15,234.421875,2794.75
1785143214.253285,15,236.078125,2786.25
1785143214.253285,15,237.734375,2742.75
1785143214.253285,15,239.359375,2721.5
1785143214.253285,15,241.03125,2710.5
1785143214.253285,13,242.6875,2675.5
1785143214.253285,11,244.3125,2653.5
1785143214.253285,13,245.96875,2637.5
1785143214.253285,15,163.140625,10233.25
1785143214.253285,15,164.796875,10141.25
1785143214.253285,8,173.03125,10079.75
1785143214.253285,15,177.96875,10543.75
1785143214.253285,14,194.578125,5566.0
1785143214.253285,8,204.515625,4420.25
1785143214.253285,15,209.53125,3974.75
1785143214.253285,12,211.1875,3877.75
1785143214.253285,15,212.84375,3787.25
1785143214.253285,15,214.5,3707.5
1785143214.253285,15,217.8125,3509.25
1785143214.253285,15,221.140625,3336.25
1785143214.253285,13,226.109375,3062.5
1785143214.253285,15,232.734375,2829.0
1785143214.253285,15,234.375,2795.25
1785143214.253285,11,236.03125,2788.0
1785143214.253285,15,237.6875,2745.0
1785143214.253285,14,239.34375,2723.0
1785143214.253285,15,240.984375,2711.5
1785143214.253285,13,242.625,2676.5
1785143214.253285,12,244.28125,2654.0
1785143214.253285,13,245.953125,2637.0
1785143214.253285,15,247.609375,2617.25
1785143214.253285,15,249.21875,2603.75
1785143214.253285,15,250.875,2596.0
1785143214.253285,15,252.546875,2590.25
1785143214.253285,15,254.15625,2593.5
1785143214.253285,15,255.828125,2597.25
1785143214.253285,10,257.484375,2587.25
1785143214.253285,10,259.09375,2570.25
1785143214.253285,13,260.796875,2561.0
1785143214.253285,10,262.421875,2564.75
1785143214.253285,15,264.078125,2577.75
1785143214.253285,15,265.71875,2591.0
1785143214.253285,14,267.328125,2604.75
1785143214.253285,15,268.984375,2611.0
1785143214.253285,15,270.640625,2605.25
1785143214.253285,12,272.296875,2621.5
1785143214.253285,15,273.921875,2646.0
1785143214.253285,11,275.546875,2653.25
1785143214.253285,10,277.1875,2679.75
1785143214.253285,15,278.84375,2717.5
1785143214.253285,11,280.4375,2743.0
1785143214.253285,9,282.09375,2774.75
1785143214.253285,15,283.71875,2831.5
1785143214.253285,9,285.359375,2882.0
1785143214.253285,7,287.0,2922.0
1785143214.253285,15,288.65625,2964.0
1785143214.253285,15,339.734375,6179.0
1785143214.253285,15,342.953125,9690.0
1785143214.253285,15,344.609375,9596.0
1785143214.253285,15,346.234375,9489.5
1785143214.253285,15,347.890625,9368.25
1785143214.253285,15,349.53125,9282.0
1785143214.4756272,15,357.0625,7089.0
1785143214.4756272,15,358.71875,7065.75
1785143214.4756272,15,0.390625,7070.25
1785143214.4756272,15,2.015625,7037.0
1785143214.4756272,15,5.328125,6765.5
1785143214.4756272,15,8.59375,8815.5
1785143214.4756272,15,10.234375,8912.75
1785143214.4756272,15,21.796875,442.25
1785143214.4756272,15,23.421875,442.25
1785143214.4756272,15,47.625,106.75
1785143214.4756272,12,165.09375,10154.5
1785143214.4756272,8,171.6875,10063.0
1785143214.4756272,7,173.34375,10094.5
1785143214.4756272,15,193.265625,5674.75
1785143214.4756272,12,194.921875,5571.5
1785143214.4756272,12,198.265625,5148.5
1785143214.4756272,10,201.5625,4764.0
1785143214.4756272,10,204.828125,4375.5
1785143214.4756272,15,209.796875,3965.0
1785143214.4756272,15,211.46875,3871.5
1785143214.4756272,15,213.109375,3784.0
1785143214.4756272,15,214.765625,3685.0
1785143214.4756272,15,216.421875,3584.5
1785143214.4756272,5,218.078125,3485.75
1785143214.4756272,7,219.734375,3397.25
1785143214.4756272,8,221.375,3339.25
1785143214.4756272,15,226.375,3061.5
1785143214.4756272,15,232.96875,2770.75
1785143214.4756272,10,234.609375,2799.75
1785143214.4756272,11,236.234375,2785.25
1785143214.4756272,15,237.90625,2747.0
1785143214.4756272,13,239.5625,2726.75
1785143214.4756272,9,241.1875,2705.75
1785143214.4756272,13,242.859375,2674.5
1785143214.4756272,11,244.5,2655.5
1785143214.4756272,15,246.125,2637.5
1785143214.4756272,15,247.78125,2618.5
1785143214.4756272,15,249.4375,2602.5
1785143214.4756272,15,251.109375,2595.5
1785143214.4756272,15,252.75,2592.0
1785143214.4756272,15,254.40625,2594.5
1785143214.4756272,15,256.0625,2596.0
1785143214.4756272,10,257.703125,2582.25
1785143214.4756272,13,259.359375,2568.75
1785143214.4756272,13,261.015625,2561.0
1785143214.4756272,12,262.625,2565.25
1785143214.4756272,15,264.28125,2582.25
1785143214.4756272,15,265.9375,2597.25
1785143214.4756272,13,267.59375,2606.5
1785143214.4756272,15,269.25,2605.0
1785143214.4756272,15,270.90625,2597.75
1785143214.4756272,14,272.515625,2615.0
1785143214.4756272,15,274.1875,2641.25
1785143214.4756272,11,275.828125,2654.25
1785143214.4756272,10,277.46875,2673.5
1785143214.4756272,12,279.078125,2713.25
1785143214.4756272,13,280.75,2750.75
1785143214.4756272,10,282.390625,2786.5
1785143214.4756272,15,284.0,2842.5
1785143214.4756272,10,285.640625,2889.75
1785143214.4756272,9,287.3125,2928.0
1785143214.4756272,15,288.9375,2972.0
1785143214.4756272,7,292.21875,3031.75
1785143214.4756272,15,339.90625,6175.5
1785143214.4756272,15,343.140625,9507.75
1785143214.4756272,15,344.78125,9502.0
1785143214.4756272,15,346.453125,9503.25
1785143214.4756272,15,348.09375,9398.0
1785143214.4756272,15,349.75,9313.5
1785143214.5870726,15,356.390625,7100.75
1785143214.5870726,15,358.0625,7058.25
1785143214.5870726,15,359.703125,7064.75
1785143214.5870726,15,1.359375,7079.75
1785143214.5870726,15,7.921875,8766.75
1785143214.5870726,15,9.578125,8855.75
1785143214.5870726,15,11.15625,8967.25
1785143214.5870726,15,20.90625,444.25
1785143214.5870726,15,22.703125,443.0
1785143214.5870726,15,24.3125,444.0
1785143214.5870726,15,45.203125,108.0
1785143214.5870726,15,162.609375,10334.25
1785143214.5870726,15,164.265625,10233.75
1785143214.5870726,15,177.453125,10545.75
1785143214.5870726,15,194.078125,5615.0
1785143214.5870726,12,199.078125,5076.25
1785143214.5870726,15,203.984375,4460.5
1785143214.5870726,15,208.96875,4001.5
1785143214.5870726,15,210.640625,3916.75
1785143214.5870726,8,212.265625,3827.25
1785143214.5870726,15,213.9375,3740.75
1785143214.5870726,15,217.234375,3545.75
1785143214.5870726,15,220.5625,3365.25
1785143214.5870726,15,223.875,3199.5
1785143214.5870726,15,225.515625,3136.0
1785143214.5870726,12,227.15625,3059.25
1785143214.5870726,15,232.125,2792.75
1785143214.5870726,15,233.78125,2792.25
1785143214.5870726,10,235.40625,2805.75
1785143214.5870726,14,238.71875,2725.25
1785143214.5870726,15,240.375,2729.75
1785143214.5870726,12,242.0,2687.75
1785143214.5870726,14,243.6875,2656.0
1785143214.5870726,15,245.296875,2644.25
1785143214.5870726,15,246.9375,2628.5
1785143214.5870726,15,248.59375,2607.75
1785143214.5870726,15,250.265625,2600.75
1785143214.5870726,15,251.890625,2596.25
1785143214.5870726,15,253.578125,2595.5
1785143214.5870726,15,255.21875,2598.75
1785143214.5870726,15,256.84375,2594.75
1785143214.5870726,11,258.515625,2581.0
1785143214.5870726,12,260.140625,2559.25
1785143214.5870726,9,261.8125,2555.0
1785143214.5870726,8,263.4375,2568.0
1785143214.5870726,15,265.078125,2584.75
1785143214.5870726,15,266.75,2599.25
1785143214.5870726,15,268.375,2606.25
1785143214.5870726,15,270.0,2604.25
1785143214.5870726,15,271.65625,2613.75
1785143214.5870726,12,273.296875,2635.75
1785143214.5870726,12,274.890625,2649.75
1785143214.5870726,14,276.53125,2662.75
1785143214.5870726,15,278.171875,2692.25
1785143214.5870726,12,279.78125,2733.5
1785143214.5870726,11,281.4375,2765.75
1785143214.5870726,15,283.09375,2811.75
1785143214.5870726,11,284.71875,2866.75
1785143214.5870726,9,286.359375,2902.25
1785143214.5870726,15,287.984375,2940.5
1785143214.5870726,13,289.625,2980.75
1785143214.5870726,15,343.828125,9625.25
1785143214.5870726,15,345.5,9539.0
1785143214.5870726,15,347.1875,9389.0
1785143214.5870726,15,348.828125,9322.0
1785143214.699931,15,357.140625,7072.75
1785143214.699931,15,358.796875,7060.5
1785143214.699931,15,0.453125,7071.25
1785143214.699931,15,2.09375,7040.25
1785143214.699931,15,5.40625,6801.0
1785143214.699931,15,8.671875,8811.75
1785143214.699931,15,10.234375,8909.5
1785143214.699931,15,19.921875,448.0
1785143214.699931,15,21.59375,444.5
1785143214.699931,15,23.140625,444.25
1785143214.699931,15,47.046875,106.75
1785143214.699931,10,163.359375,10229.75
1785143214.699931,9,165.0,10053.5
1785143214.699931,7,171.59375,10069.75
1785143214.699931,15,176.5625,10369.25
1785143214.699931,15,178.203125,10495.75
1785143214.699931,8,193.125,5690.5
1785143214.699931,14,194.796875,5569.75
1785143214.699931,9,204.71875,4402.0
1785143214.699931,15,209.671875,3967.75
1785143214.699931,9,211.328125,3871.0
1785143214.699931,15,212.96875,3784.5
1785143214.699931,15,214.65625,3694.75
1785143214.699931,15,216.296875,3595.75
1785143214.699931,8,219.640625,3399.0
1785143214.699931,9,221.265625,3339.25
1785143214.699931,15,226.234375,3066.5
1785143214.699931,7,231.203125,2821.5
1785143214.699931,15,232.890625,2791.0
1785143214.699931,13,234.5,2806.25
1785143214.699931,11,236.15625,2794.25
1785143214.699931,15,237.828125,2743.75
1785143214.699931,15,239.484375,2722.25
1785143214.699931,9,241.125,2707.75
1785143214.699931,10,242.765625,2675.0
1785143214.699931,10,244.421875,2655.5
1785143214.699931,15,246.09375,2636.5
1785143214.699931,15,247.734375,2616.25
1785143214.699931,15,249.359375,2603.0
1785143214.699931,15,251.046875,2597.0
1785143214.699931,15,252.71875,2592.0
1785143214.699931,15,254.328125,2594.75
1785143214.699931,9,256.015625,2596.0
1785143214.699931,8,257.625,2584.75
1785143214.699931,12,259.296875,2570.5
1785143214.699931,12,260.9375,2560.75
1785143214.699931,10,262.578125,2565.25
1785143214.699931,9,264.234375,2581.25
1785143214.699931,15,265.859375,2596.25
1785143214.699931,13,267.484375,2609.0
1785143214.699931,15,269.171875,2612.0
1785143214.699931,15,270.828125,2603.75
1785143214.699931,12,272.453125,2617.75
1785143214.699931,15,274.078125,2642.25
1785143214.699931,13,275.6875,2652.25
1785143214.699931,10,277.296875,2671.5
1785143214.699931,15,278.953125,2711.25
1785143214.699931,11,280.5625,2747.75
1785143214.699931,10,282.203125,2784.0
1785143214.699931,15,283.859375,2835.5
1785143214.699931,10,285.46875,2879.5
1785143214.699931,9,287.140625,2920.25
1785143214.699931,15,288.765625,2962.25
1785143214.699931,10,290.390625,2992.5
1785143214.699931,15,339.796875,6175.25
1785143214.699931,15,343.015625,9622.25
1785143214.699931,15,344.65625,9538.0
1785143214.699931,15,346.3125,9494.5
1785143214.699931,15,347.953125,9374.25
1785143214.699931,15,349.609375,9285.75
1785143214.8105237,15,356.265625,7121.25
1785143214.8105237,15,357.921875,7069.0
1785143214.8105237,15,359.5625,7071.0
1785143214.8105237,15,1.21875,7092.0
1785143214.8105237,15,7.78125,8755.75
1785143214.8105237,15,9.4375,8857.5
1785143214.8105237,15,20.90625,444.5
1785143214.8105237,15,22.3125,444.25
1785143214.8105237,15,28.59375,489.25
1785143214.8105237,15,44.953125,108.0
1785143214.8105237,15,162.546875,10320.25
1785143214.8105237,15,164.203125,10165.25
1785143214.8105237,8,172.4375,10129.75
1785143214.8105237,7,174.09375,10118.0
1785143214.8105237,15,177.390625,10454.75
1785143214.8105237,8,193.9375,5590.75
1785143214.8105237,9,195.609375,5487.25
1785143214.8105237,9,198.90625,5101.25
1785143214.8105237,12,208.84375,4024.5
1785143214.8105237,15,210.484375,3932.25
1785143214.8105237,5,212.140625,3847.5
1785143214.8105237,15,213.8125,3749.0
1785143214.8105237,15,217.109375,3554.5
1785143214.8105237,15,220.4375,3364.5
1785143214.8105237,15,222.078125,3294.75
1785143214.8105237,15,223.75,3203.75
1785143214.8105237,15,225.390625,3131.0
1785143214.8105237,11,227.078125,3058.0
1785143214.8105237,10,230.40625,2863.25
1785143214.8105237,15,232.09375,2794.0
1785143214.8105237,15,233.734375,2789.75
1785143214.8105237,9,235.375,2806.75
1785143214.8105237,15,238.6875,2725.25
1785143214.8105237,15,240.34375,2729.75
1785143214.8105237,12,241.96875,2691.25
1785143214.8105237,13,243.625,2659.25
1785143214.8105237,12,245.3125,2644.25
1785143214.8105237,12,246.96875,2629.0
1785143214.8105237,15,248.609375,2608.0
1785143214.8105237,15,250.265625,2599.75
1785143214.8105237,9,251.875,2594.5
1785143214.8105237,15,253.546875,2593.0
1785143214.8105237,15,255.171875,2597.0
1785143214.8105237,10,256.8125,2593.0
1785143214.8105237,11,258.46875,2579.25
1785143214.8105237,12,260.125,2559.0
1785143214.8105237,10,261.78125,2555.0
1785143214.8105237,10,263.4375,2566.25
1785143214.8105237,8,265.078125,2580.0
1785143214.8105237,15,266.703125,2595.0
1785143214.8105237,15,268.359375,2605.5
1785143214.8105237,15,270.015625,2604.5
1785143214.8105237,15,271.640625,2602.75
1785143214.8105237,12,273.28125,2624.25
1785143214.8105237,13,274.875,2648.25
1785143214.8105237,14,276.515625,2661.5
1785143214.8105237,9,278.1875,2677.0
1785143214.8105237,15,279.765625,2716.0
1785143214.8105237,12,281.40625,2760.75
1785143214.8105237,15,283.078125,2808.0
1785143214.8105237,9,284.703125,2864.0
1785143214.8105237,8,286.34375,2899.5
1785143214.8105237,7,287.953125,2937.0
1785143214.8105237,15,289.609375,2978.5
1785143214.8105237,11,291.265625,3003.75
1785143214.8105237,15,343.828125,9664.5
1785143214.8105237,15,345.484375,9595.0
1785143214.8105237,15,347.109375,9424.5
1785143214.8105237,15,348.75,9303.5
1785143214.924581,15,357.046875,7105.75
1785143214.924581,15,358.6875,7081.5
1785143214.924581,15,0.359375,7071.5
1785143214.924581,15,1.984375,7044.75
1785143214.924581,15,5.296875,6768.5
1785143214.924581,15,8.546875,8808.5
1785143214.924581,15,10.15625,8904.75
1785143214.924581,15,20.078125,446.75
1785143214.924581,15,21.6875,444.75
1785143214.924581,15,23.1875,444.25
1785143214.924581,15,46.546875,106.75
1785143214.924581,15,163.3125,10247.5
1785143214.924581,15,178.15625,10511.0
1785143214.924581,11,194.703125,5554.0
1785143214.924581,12,204.65625,4402.25
1785143214.924581,15,209.609375,3975.5
1785143214.924581,8,211.25,3876.75
1785143214.924581,15,212.90625,3783.5
1785143214.924581,15,214.59375,3696.0
1785143214.924581,15,216.234375,3595.75
1785143214.924581,15,217.875,3506.75
1785143214.924581,6,219.53125,3415.75
1785143214.924581,15,221.171875,3336.0
1785143214.924581,15,226.15625,3065.75
1785143214.924581,15,232.828125,2831.0
1785143214.924581,15,234.453125,2804.0
1785143214.924581,12,236.109375,2793.25
1785143214.924581,15,237.78125,2744.25
1785143214.924581,15,239.390625,2722.0
1785143214.924581,15,241.078125,2709.25
1785143214.924581,10,242.71875,2676.25
1785143214.924581,9,244.34375,2654.0
1785143214.924581,10,246.0,2637.0
1785143214.924581,15,247.65625,2618.0
1785143214.924581,15,249.296875,2604.5
1785143214.924581,7,250.9375,2595.25
1785143214.924581,15,252.578125,2591.0
1785143214.924581,15,254.21875,2595.5
1785143214.924581,15,255.890625,2598.25
1785143214.924581,9,257.515625,2587.5
1785143214.924581,10,259.203125,2570.25
1785143214.924581,15,260.8125,2560.0
1785143214.924581,9,262.484375,2564.5
1785143214.924581,10,264.109375,2578.0
1785143214.924581,15,265.75,2591.0
1785143214.924581,13,267.375,2606.25
1785143214.924581,15,269.03125,2612.25
1785143214.924581,15,270.703125,2604.5
1785143214.924581,11,272.3125,2620.5
1785143214.924581,15,273.96875,2646.0
1785143214.924581,11,275.578125,2653.5
1785143214.924581,10,277.21875,2678.75
1785143214.924581,15,278.859375,2715.5
1785143214.924581,11,280.484375,2742.25
1785143214.924581,8,282.125,2776.0
1785143214.924581,15,283.765625,2830.25
1785143214.924581,8,285.390625,2879.5
1785143214.924581,8,287.015625,2920.0
1785143214.924581,15,288.640625,2963.0
1785143214.924581,7,295.21875,3119.75
1785143214.924581,15,339.71875,6177.25
1785143214.924581,15,342.921875,9686.0
1785143214.924581,15,344.578125,9583.75
1785143214.924581,15,346.1875,9499.75
1785143214.924581,15,347.828125,9398.0
1785143214.924581,15,349.484375,9297.75
1785143215.1480553,15,356.8125,7104.0
1785143215.1480553,15,358.453125,7104.25
1785143215.1480553,15,0.109375,7081.25
1785143215.1480553,15,1.75,7080.0
1785143215.1480553,15,8.3125,8840.5
1785143215.1480553,15,9.953125,8942.25
1785143215.1480553,15,19.71875,447.75
1785143215.1480553,15,21.359375,444.25
1785143215.1480553,15,22.828125,444.25
1785143215.1480553,15,45.65625,107.25
1785143215.1480553,12,162.890625,10236.5
1785143215.1480553,15,164.53125,10112.5
1785143215.1480553,15,177.703125,10513.0
1785143215.1480553,15,194.3125,5610.25
1785143215.1480553,15,209.203125,4004.25
1785143215.1480553,11,212.5,3814.75
1785143215.1480553,15,214.1875,3724.25
1785143215.1480553,8,215.859375,3625.25
1785143215.1480553,15,217.5,3536.0
1785143215.1480553,11,220.8125,3351.25
1785143215.1480553,14,224.109375,3187.25
1785143215.1480553,15,225.765625,3131.5
1785143215.1480553,15,234.015625,2793.75
1785143215.1480553,9,235.671875,2802.75
1785143215.1480553,15,238.953125,2721.75
1785143215.1480553,15,240.609375,2722.5
1785143215.1480553,13,242.265625,2686.25
1785143215.1480553,13,243.9375,2654.75
1785143215.1480553,15,245.578125,2639.5
1785143215.1480553,15,247.203125,2622.0
1785143215.1480553,15,248.84375,2604.0
1785143215.1480553,15,250.5,2594.5
1785143215.1480553,15,252.140625,2591.25
1785143215.1480553,15,253.78125,2593.5
1785143215.1480553,15,255.453125,2596.5
1785143215.1480553,8,257.109375,2592.0
1785143215.1480553,12,258.734375,2578.75
1785143215.1480553,11,260.375,2566.0
1785143215.1480553,9,262.015625,2560.75
1785143215.1480553,11,263.6875,2570.0
1785143215.1480553,15,265.328125,2589.0
1785143215.1480553,15,266.9375,2606.0
1785143215.1480553,15,268.59375,2610.5
1785143215.1480553,15,270.234375,2607.75
1785143215.1480553,11,271.890625,2622.25
1785143215.1480553,15,273.5,2640.75
1785143215.1480553,14,275.171875,2650.5
1785143215.1480553,11,276.8125,2670.5
1785143215.1480553,15,278.4375,2708.25
1785143215.1480553,12,280.0625,2741.75
1785143215.1480553,9,281.71875,2769.5
1785143215.1480553,15,283.34375,2821.0
1785143215.1480553,9,284.984375,2873.5
1785143215.1480553,15,286.59375,2910.25
1785143215.1480553,15,288.265625,2952.75
1785143215.1480553,8,289.90625,2984.5
1785143215.1480553,15,344.09375,9535.5
1785143215.1480553,15,345.75,9474.25
1785143215.1480553,15,347.40625,9396.5
1785143215.1480553,15,349.0625,9312.25
1785143215.2598126,15,357.359375,7045.0
1785143215.2598126,15,359.0,7042.5
1785143215.2598126,15,0.65625,7046.25
1785143215.2598126,15,2.328125,7053.25
1785143215.2598126,15,3.96875,6962.0
1785143215.2598126,15,5.625,6826.5
1785143215.2598126,15,8.875,8819.5
1785143215.2598126,15,10.5,8901.5
1785143215.2598126,15,20.171875,445.25
1785143215.2598126,15,22.0,444.5
1785143215.2598126,15,23.453125,445.0
1785143215.2598126,15,47.546875,106.5
1785143215.2598126,9,163.46875,10210.0
1785143215.2598126,15,193.3125,5676.25
1785143215.2598126,11,194.96875,5568.25
1785143215.2598126,14,198.296875,5149.25
1785143215.2598126,10,201.59375,4761.75
1785143215.2598126,7,204.875,4376.5
1785143215.2598126,15,209.828125,3961.0
1785143215.2598126,15,211.484375,3872.5
1785143215.2598126,15,213.140625,3785.0
1785143215.2598126,15,214.8125,3684.5
1785143215.2598126,15,216.46875,3583.5
1785143215.2598126,4,218.125,3485.75
1785143215.2598126,14,219.78125,3392.0
1785143215.2598126,15,221.4375,3320.0
1785143215.2598126,15,226.40625,3061.0
1785143215.2598126,15,233.0,2774.75
1785143215.2598126,11,234.65625,2805.25
1785143215.2598126,10,236.296875,2786.25
1785143215.2598126,15,237.9375,2748.0
1785143215.2598126,15,239.59375,2727.75
1785143215.2598126,15,241.265625,2708.0
1785143215.2598126,12,242.90625,2676.75
1785143215.2598126,11,244.546875,2653.0
1785143215.2598126,15,246.171875,2635.75
1785143215.2598126,15,247.859375,2619.25
1785143215.2598126,15,249.484375,2602.0
1785143215.2598126,15,251.1875,2595.75
1785143215.2598126,15,252.8125,2593.75
1785143215.2598126,15,254.4375,2593.0
1785143215.2598126,15,256.125,2594.0
1785143215.2598126,10,257.75,2584.5
1785143215.2598126,14,259.421875,2570.25
1785143215.2598126,12,261.046875,2562.0
1785143215.2598126,12,262.703125,2566.25
1785143215.2598126,15,264.328125,2582.75
1785143215.2598126,15,265.96875,2597.5
1785143215.2598126,14,267.609375,2608.25
1785143215.2598126,15,269.265625,2608.0
1785143215.2598126,15,270.921875,2600.25
1785143215.2598126,15,272.5625,2618.5
1785143215.2598126,14,274.203125,2643.75
1785143215.2598126,11,275.84375,2655.5
1785143215.2598126,15,277.484375,2679.75
1785143215.2598126,14,279.109375,2719.5
1785143215.2598126,11,280.75,2752.0
1785143215.2598126,8,282.375,2788.75
1785143215.2598126,15,284.03125,2843.25
1785143215.2598126,9,285.640625,2888.75
1785143215.2598126,15,287.3125,2939.25
1785143215.2598126,15,288.953125,2984.75
1785143215.2598126,8,290.578125,3000.25
1785143215.2598126,15,339.90625,6174.0
1785143215.2598126,15,343.125,9507.25
1785143215.2598126,15,344.78125,9510.25
1785143215.2598126,15,346.4375,9500.25
1785143215.2598126,15,348.09375,9393.25
1785143215.2598126,15,349.75,9312.25
1785143215.369895,15,356.390625,7103.25
1785143215.369895,15,358.046875,7060.25
1785143215.369895,15,359.71875,7067.75
1785143215.369895,15,1.359375,7080.25
1785143215.369895,15,7.921875,8770.25
1785143215.369895,15,9.578125,8853.0
1785143215.369895,15,19.265625,450.75
1785143215.369895,15,21.078125,444.25
1785143215.369895,15,22.59375,444.25
1785143215.369895,15,28.734375,494.0
1785143215.369895,15,46.890625,108.0
1785143215.369895,15,162.5,10323.5
1785143215.369895,15,164.140625,10167.0
1785143215.369895,15,177.3125,10466.0
1785143215.369895,15,193.9375,5591.0
1785143215.369895,8,195.578125,5486.25
1785143215.369895,12,198.90625,5100.75
1785143215.369895,11,208.78125,4024.25
1785143215.369895,15,210.4375,3933.5
1785143215.369895,10,212.09375,3849.25
1785143215.369895,15,213.75,3753.5
1785143215.369895,8,215.40625,3648.0
1785143215.369895,15,217.0625,3561.0
1785143215.369895,15,220.375,3366.0
1785143215.369895,15,222.015625,3295.75
1785143215.369895,15,223.671875,3204.25
1785143215.369895,15,225.34375,3120.5
1785143215.369895,8,226.984375,3061.75
1785143215.369895,15,231.953125,2808.75
1785143215.369895,15,233.609375,2803.75
1785143215.369895,10,235.25,2810.75
1785143215.369895,13,238.515625,2724.0
1785143215.369895,15,240.171875,2728.75
1785143215.369895,11,241.828125,2698.75
1785143215.369895,12,243.5,2666.5
1785143215.369895,14,245.109375,2645.0
1785143215.369895,14,246.765625,2630.25
1785143215.369895,15,248.421875,2612.5
1785143215.369895,15,250.0625,2599.5
1785143215.369895,15,251.765625,2593.75
1785143215.369895,15,253.421875,2595.75
1785143215.369895,15,255.0625,2602.0
1785143215.369895,15,256.703125,2598.25
1785143215.369895,10,258.359375,2584.75
1785143215.369895,11,260.03125,2569.75
1785143215.369895,12,261.65625,2562.25
1785143215.369895,10,263.328125,2568.5
1785143215.369895,15,264.96875,2581.25
1785143215.369895,15,266.59375,2596.75
1785143215.369895,15,268.25,2608.75
1785143215.369895,15,269.890625,2604.75
1785143215.369895,15,271.515625,2616.5
1785143215.369895,14,273.1875,2639.75
1785143215.369895,12,274.765625,2648.25
1785143215.369895,10,276.390625,2661.5
1785143215.369895,15,278.046875,2696.25
1785143215.369895,11,279.640625,2735.5
1785143215.369895,9,281.296875,2763.0
1785143215.369895,15,282.953125,2806.0
1785143215.369895,9,284.578125,2860.0
1785143215.369895,11,286.21875,2901.25
1785143215.369895,15,287.84375,2938.0
1785143215.369895,15,289.46875,2978.75
1785143215.369895,7,291.109375,3005.0
1785143215.369895,4,296.03125,3153.5
1785143215.369895,15,343.703125,9629.75
1785143215.369895,15,345.34375,9588.5
1785143215.369895,15,347.015625,9420.25
1785143215.369895,15,348.671875,9286.75
1785143215.4816236,15,353.640625,8494.5
1785143215.4816236,15,356.96875,7106.0
1785143215.4816236,15,358.625,7081.5
1785143215.4816236,15,0.28125,7111.5
1785143215.4816236,15,1.9375,7087.5
1785143215.4816236,15,8.5,8805.0
1785143215.4816236,15,10.140625,8889.0
1785143215.4816236,15,19.921875,446.5
1785143215.4816236,15,21.515625,444.75
1785143215.4816236,15,23.046875,444.75
1785143215.4816236,15,47.1875,107.0
1785143215.4816236,15,163.109375,10287.0
1785143215.4816236,15,164.75,10213.25
1785143215.4816236,15,177.921875,10534.75
1785143215.4816236,15,194.515625,5563.75
1785143215.4816236,13,204.421875,4424.25
1785143215.4816236,15,209.390625,3991.75
1785143215.4816236,8,211.046875,3890.0
1785143215.4816236,14,212.703125,3800.0
1785143215.4816236,15,214.34375,3717.0
1785143215.4816236,9,216.0,3619.25
1785143215.4816236,15,217.65625,3523.5
1785143215.4816236,15,219.3125,3427.75
1785143215.4816236,15,220.96875,3339.25
1785143215.4816236,11,222.625,3251.0
1785143215.4816236,12,225.9375,3067.5
1785143215.4816236,15,232.59375,2829.5
1785143215.4816236,12,234.234375,2796.5
1785143215.4816236,11,235.859375,2791.25
1785143215.4816236,15,237.53125,2744.75
1785143215.4816236,15,239.1875,2722.5
1785143215.4816236,15,240.8125,2711.25
1785143215.4816236,12,242.5,2677.0
1785143215.4816236,11,244.140625,2655.25
1785143215.4816236,13,245.75,2640.25
1785143215.4816236,12,247.453125,2622.5
1785143215.4816236,15,249.078125,2605.0
1785143215.4816236,15,250.78125,2595.0
1785143215.4816236,8,252.421875,2588.75
1785143215.4816236,15,254.03125,2590.25
1785143215.4816236,15,255.671875,2600.5
1785143215.4816236,11,257.359375,2592.0
1785143215.4816236,12,258.984375,2571.0
1785143215.4816236,12,260.640625,2559.5
1785143215.4816236,11,262.296875,2560.0
1785143215.4816236,9,263.90625,2573.25
1785143215.4816236,15,265.59375,2587.75
1785143215.4816236,15,267.203125,2601.75
1785143215.4816236,15,268.84375,2608.75
1785143215.4816236,15,270.5,2602.0
1785143215.4816236,11,272.15625,2616.25
1785143215.4816236,13,273.796875,2642.0
1785143215.4816236,13,275.40625,2653.5
1785143215.4816236,11,277.015625,2673.5
1785143215.4816236,15,278.6875,2708.75
1785143215.4816236,13,280.296875,2742.5
1785143215.4816236,9,281.953125,2777.5
1785143215.4816236,15,283.5625,2832.5
1785143215.4816236,11,285.203125,2878.75
1785143215.4816236,10,286.84375,2919.5
1785143215.4816236,15,288.46875,2960.75
1785143215.4816236,15,339.484375,6162.75
1785143215.4816236,14,344.34375,9461.5
1785143215.4816236,15,346.0,9451.75
1785143215.4816236,15,347.640625,9388.5
1785143215.4816236,15,349.28125,9287.25
1785143215.5962071,15,355.9375,7116.0
1785143215.5962071,15,357.59375,7083.75
1785143215.5962071,15,359.234375,7049.5
1785143215.5962071,15,0.890625,7047.0
1785143215.5962071,15,2.546875,7109.75
1785143215.5962071,7,5.84375,6800.75
1785143215.5962071,15,9.109375,8867.5
1785143215.5962071,15,18.734375,453.25
1785143215.5962071,15,20.25,445.75
1785143215.5962071,15,21.921875,444.75
1785143215.5962071,15,28.453125,489.75
1785143215.5962071,15,44.59375,109.0
1785143215.5962071,15,47.328125,106.0
1785143215.5962071,15,162.0625,10388.25
1785143215.5962071,15,163.71875,10233.0
1785143215.5962071,15,165.359375,10117.25
1785143215.5962071,14,193.4375,5670.75
1785143215.5962071,11,195.078125,5562.75
1785143215.5962071,15,198.390625,5144.5
1785143215.5962071,15,206.640625,4203.25
1785143215.5962071,15,209.9375,3959.5
1785143215.5962071,15,211.609375,3872.5
1785143215.5962071,15,213.25,3782.5
1785143215.5962071,15,214.90625,3684.25
1785143215.5962071,15,216.546875,3585.25
1785143215.5962071,5,218.203125,3484.5
1785143215.5962071,9,219.859375,3392.25
1785143215.5962071,15,221.53125,3319.5
1785143215.5962071,15,226.515625,3065.5
1785143215.5962071,15,231.515625,2818.0
1785143215.5962071,15,233.15625,2800.0
1785143215.5962071,15,234.8125,2806.25
1785143215.5962071,12,236.421875,2782.25
1785143215.5962071,15,238.109375,2749.25
1785143215.5962071,15,239.765625,2731.5
1785143215.5962071,15,241.390625,2705.0
1785143215.5962071,13,243.03125,2671.0
1785143215.5962071,12,244.703125,2649.0
1785143215.5962071,11,246.359375,2634.5
1785143215.5962071,15,248.015625,2616.5
1785143215.5962071,15,249.65625,2601.75
1785143215.5962071,15,251.28125,2593.25
1785143215.5962071,8,252.921875,2586.5
1785143215.5962071,15,254.59375,2588.25
1785143215.5962071,15,256.234375,2593.0
1785143215.5962071,9,257.84375,2584.25
1785143215.5962071,13,259.53125,2570.5
1785143215.5962071,11,261.15625,2562.0
1785143215.5962071,11,262.78125,2562.5
1785143215.5962071,15,264.421875,2582.25
1785143215.5962071,15,266.09375,2600.0
1785143215.5962071,15,267.734375,2606.75
1785143215.5962071,15,269.359375,2607.25
1785143215.5962071,15,271.03125,2602.75
1785143215.5962071,14,272.65625,2619.75
1785143215.5962071,13,274.296875,2643.25
1785143215.5962071,11,275.90625,2656.25
1785143215.5962071,10,277.53125,2679.75
1785143215.5962071,13,279.171875,2719.25
1785143215.5962071,11,280.8125,2752.25
1785143215.5962071,8,282.453125,2789.25
1785143215.5962071,15,284.09375,2844.0
1785143215.5962071,8,285.703125,2887.75
1785143215.5962071,8,287.34375,2927.0
1785143215.5962071,15,288.984375,2972.75
1785143215.5962071,7,292.234375,3034.0
1785143215.5962071,14,295.53125,3110.75
1785143215.5962071,15,340.046875,6164.25
1785143215.5962071,15,343.265625,9536.0
1785143215.5962071,15,344.90625,9443.75
1785143215.5962071,15,346.515625,9432.0
1785143215.5962071,15,348.171875,9347.0
1785143215.5962071,15,349.8125,9282.75
1785143215.7077813,15,356.46875,7104.25
1785143215.7077813,15,358.125,7060.5
1785143215.7077813,15,359.765625,7072.25
1785143215.7077813,15,1.421875,7085.25
1785143215.7077813,15,7.96875,8768.75
1785143215.7077813,15,9.625,8814.0
1785143215.7077813,15,19.265625,448.5
1785143215.7077813,15,20.875,445.25
1785143215.7077813,15,22.59375,444.5
1785143215.7077813,15,46.40625,107.75
1785143215.7077813,15,50.09375,101.75
1785143215.7077813,15,162.640625,10287.0
1785143215.7077813,15,164.296875,10245.25
1785143215.7077813,15,177.484375,10574.5
1785143215.7077813,15,194.015625,5618.25
1785143215.7077813,12,199.0,5077.5
1785143215.7077813,15,203.9375,4464.75
1785143215.7077813,15,208.921875,4016.25
1785143215.7077813,15,210.578125,3915.25
1785143215.7077813,8,212.21875,3825.75
1785143215.7077813,15,213.875,3738.5
1785143215.7077813,15,217.1875,3552.25
1785143215.7077813,15,220.5,3365.5
1785143215.7077813,15,223.8125,3201.25
1785143215.7077813,15,225.453125,3135.0
1785143215.7077813,10,227.125,3058.0
1785143215.7077813,12,230.421875,2863.25
1785143215.7077813,15,232.078125,2796.5
1785143215.7077813,15,233.734375,2792.0
1785143215.7077813,9,235.375,2807.5
1785143215.7077813,15,238.65625,2726.25
1785143215.7077813,15,240.328125,2730.5
1785143215.7077813,11,241.984375,2693.25
1785143215.7077813,10,243.625,2662.0
1785143215.7077813,12,245.234375,2646.25
1785143215.7077813,15,246.90625,2629.75
1785143215.7077813,15,248.578125,2608.5
1785143215.7077813,15,250.171875,2600.75
1785143215.7077813,15,251.828125,2597.0
1785143215.7077813,15,253.46875,2594.75
1785143215.7077813,15,255.09375,2600.25
1785143215.7077813,15,256.75,2597.0
1785143215.7077813,10,258.390625,2584.0
1785143215.7077813,11,260.046875,2569.25
1785143215.7077813,12,261.671875,2563.0
1785143215.7077813,10,263.3125,2570.25
1785143215.7077813,7,264.984375,2581.5
1785143215.7077813,15,266.59375,2596.5
1785143215.7077813,15,268.21875,2609.25
1785143215.7077813,15,269.875,2604.75
1785143215.7077813,15,271.5,2616.5
1785143215.7077813,11,273.171875,2640.0
1785143215.7077813,12,274.78125,2649.0
1785143215.7077813,13,276.421875,2663.25
1785143215.7077813,15,278.078125,2697.5
1785143215.7077813,11,279.71875,2736.25
1785143215.7077813,8,281.34375,2765.5
1785143215.7077813,15,282.953125,2810.25
1785143215.7077813,10,284.59375,2862.75
1785143215.7077813,9,286.234375,2902.75
1785143215.7077813,15,287.890625,2941.5
1785143215.7077813,11,289.515625,2980.75
1785143215.7077813,15,343.765625,9610.75
1785143215.7077813,15,345.4375,9582.25
1785143215.7077813,15,347.0625,9414.25
1785143215.7077813,15,348.703125,9289.25
1785143215.8194845,12,353.671875,8382.0
1785143215.8194845,15,357.0,7110.25
1785143215.8194845,15,358.640625,7082.75
1785143215.8194845,15,0.296875,7075.5
1785143215.8194845,15,1.953125,7052.75
1785143215.8194845,15,5.25,6764.5
1785143215.8194845,15,8.515625,8804.75
1785143215.8194845,15,10.15625,8893.0
1785143215.8194845,15,19.96875,446.25
1785143215.8194845,15,21.40625,445.0
1785143215.8194845,15,27.796875,487.0
1785143215.8194845,15,45.9375,106.75
1785143215.8194845,15,163.203125,10290.25
1785143215.8194845,11,164.84375,10141.0
1785143215.8194845,15,178.015625,10577.0
1785143215.8194845,13,194.625,5555.75
1785143215.8194845,8,204.59375,4403.5
1785143215.8194845,15,209.59375,3975.75
1785143215.8194845,11,211.21875,3876.75
1785143215.8194845,15,212.875,3783.75
1785143215.8194845,15,214.546875,3696.5
1785143215.8194845,15,216.1875,3595.75
1785143215.8194845,5,217.859375,3504.0
1785143215.8194845,7,219.53125,3413.0
1785143215.8194845,15,221.1875,3334.75
1785143215.8194845,13,226.171875,3064.75
1785143215.8194845,15,232.734375,2827.5
1785143215.8194845,15,234.390625,2794.5
1785143215.8194845,11,236.046875,2788.25
1785143215.8194845,15,237.703125,2746.75
1785143215.8194845,13,239.328125,2723.5
1785143215.8194845,15,241.015625,2710.75
1785143215.8194845,10,242.65625,2676.75
1785143215.8194845,11,244.28125,2654.0
1785143215.8194845,13,245.9375,2636.75
1785143215.8194845,15,247.578125,2619.5
1785143215.8194845,15,249.234375,2606.5
1785143215.8194845,15,250.890625,2596.75
1785143215.8194845,15,252.515625,2592.5
1785143215.8194845,15,254.171875,2596.5
1785143215.8194845,15,255.796875,2601.0
1785143215.8194845,15,257.46875,2591.0
1785143215.8194845,10,259.09375,2573.5
1785143215.8194845,12,260.734375,2561.75
1785143215.8194845,10,262.375,2565.0
1785143215.8194845,15,264.046875,2580.0
1785143215.8194845,15,265.6875,2593.5
1785143215.8194845,13,267.3125,2608.5
1785143215.8194845,15,268.953125,2613.25
1785143215.8194845,15,270.625,2603.0
1785143215.8194845,13,272.265625,2617.0
1785143215.8194845,14,273.890625,2643.75
1785143215.8194845,11,275.46875,2655.75
1785143215.8194845,11,277.140625,2679.75
1785143215.8194845,15,278.75,2715.25
1785143215.8194845,12,280.390625,2743.5
1785143215.8194845,7,282.046875,2775.25
1785143215.8194845,10,283.65625,2831.75
1785143215.8194845,8,285.296875,2880.25
1785143215.8194845,9,286.9375,2920.5
1785143215.8194845,15,288.5625,2961.75
1785143215.8194845,15,339.5625,6170.25
1785143215.8194845,15,344.4375,9501.75
1785143215.8194845,15,346.078125,9492.25
1785143215.8194845,15,347.71875,9402.0
1785143215.8194845,15,349.375,9300.25
1785143216.0415168,15,356.703125,7105.0
1785143216.0415168,15,358.359375,7104.5
1785143216.0415168,15,0.0,7077.75
1785143216.0415168,15,1.65625,7078.75
1785143216.0415168,15,8.21875,8804.75
1785143216.0415168,15,9.859375,8908.75
1785143216.0415168,15,19.40625,445.75
1785143216.0415168,15,21.046875,444.75
1785143216.0415168,15,22.875,446.0
1785143216.0415168,15,46.34375,107.25
1785143216.0415168,14,50.75,101.0
1785143216.0415168,14,162.828125,10173.25
1785143216.0415168,15,164.484375,10120.0
1785143216.0415168,8,174.359375,10116.75
1785143216.0415168,15,177.65625,10525.5
1785143216.0415168,15,194.28125,5606.5
1785143216.0415168,8,195.9375,5490.75
1785143216.0415168,11,199.265625,5067.25
1785143216.0415168,12,204.171875,4456.5
1785143216.0415168,15,209.140625,4006.75
1785143216.0415168,15,210.796875,3924.5
1785143216.0415168,10,212.453125,3823.0
1785143216.0415168,15,214.125,3732.75
1785143216.0415168,9,215.75,3630.5
1785143216.0415168,15,217.421875,3537.5
1785143216.0415168,15,220.71875,3352.25
1785143216.0415168,15,224.046875,3193.5
1785143216.0415168,15,225.71875,3137.75
1785143216.0415168,15,233.984375,2795.75
1785143216.0415168,10,235.609375,2804.75
1785143216.0415168,15,238.921875,2726.25
1785143216.0415168,15,240.578125,2727.0
1785143216.0415168,12,242.234375,2687.75
1785143216.0415168,12,243.859375,2655.5
1785143216.0415168,15,245.5,2639.75
1785143216.0415168,15,247.15625,2623.0
1785143216.0415168,15,248.8125,2605.75
1785143216.0415168,10,250.453125,2594.5
1785143216.0415168,15,252.109375,2591.25
1785143216.0415168,15,253.78125,2595.0
1785143216.0415168,15,255.421875,2597.0
1785143216.0415168,15,257.0625,2592.5
1785143216.0415168,12,258.734375,2579.25
1785143216.0415168,15,260.359375,2566.0
1785143216.0415168,9,262.015625,2561.75
1785143216.0415168,11,263.625,2570.75
1785143216.0415168,15,265.28125,2588.5
1785143216.0415168,15,266.953125,2605.5
1785143216.0415168,15,268.59375,2610.5
1785143216.0415168,15,270.21875,2608.25
1785143216.0415168,13,271.84375,2622.5
1785143216.0415168,15,273.5,2641.0
1785143216.0415168,12,275.15625,2651.25
1785143216.0415168,10,276.78125,2671.0
1785143216.0415168,15,278.421875,2709.0
1785143216.0415168,12,280.078125,2742.75
1785143216.0415168,9,281.6875,2769.5
1785143216.0415168,15,283.328125,2822.0
1785143216.0415168,10,284.96875,2875.25
1785143216.0415168,15,286.625,2911.5
1785143216.0415168,15,288.25,2953.75
1785143216.0415168,9,289.90625,2983.0
1785143216.0415168,13,299.796875,3273.0
1785143216.0415168,15,344.046875,9553.25
1785143216.0415168,15,345.6875,9508.25
1785143216.0415168,15,347.34375,9396.0
1785143216.0415168,15,349.0,9312.5
1785143216.153163,15,357.28125,7047.75
1785143216.153163,15,358.9375,7043.75
1785143216.153163,15,0.578125,7048.0
1785143216.153163,15,2.21875,7055.0
1785143216.153163,15,5.53125,6806.75
1785143216.153163,15,8.78125,8809.25
1785143216.153163,15,19.96875,444.75
1785143216.153163,15,21.796875,444.25
1785143216.153163,15,27.921875,487.25
1785143216.153163,15,47.71875,106.75
1785143216.153163,8,173.28125,10010.0
1785143216.153163,10,193.171875,5679.25
1785143216.153163,13,194.84375,5570.25
1785143216.153163,15,209.703125,3969.0
1785143216.153163,9,211.359375,3870.25
1785143216.153163,15,213.0,3784.0
1785143216.153163,15,214.671875,3695.75
1785143216.153163,15,216.3125,3595.0
1785143216.153163,15,217.96875,3492.75
1785143216.153163,8,219.625,3399.75
1785143216.153163,15,221.265625,3338.5
1785143216.153163,15,226.234375,3064.0
1785143216.153163,15,232.875,2825.5
1785143216.153163,14,234.515625,2804.0
1785143216.153163,10,236.1875,2793.25
1785143216.153163,15,237.796875,2746.0
1785143216.153163,15,239.46875,2724.0
1785143216.153163,15,241.109375,2708.75
1785143216.153163,10,242.734375,2676.5
1785143216.153163,10,244.40625,2655.75
1785143216.153163,12,246.0625,2639.0
1785143216.153163,15,247.71875,2620.5
1785143216.153163,15,249.34375,2606.5
1785143216.153163,15,251.015625,2597.75
1785143216.153163,15,252.6875,2593.25
1785143216.153163,15,254.328125,2596.0
1785143216.153163,15,255.953125,2595.5
1785143216.153163,9,257.625,2584.25
1785143216.153163,10,259.265625,2569.75
1785143216.153163,13,260.90625,2560.0
1785143216.153163,10,262.578125,2565.25
1785143216.153163,11,264.1875,2581.5
1785143216.153163,15,265.84375,2596.25
1785143216.153163,13,267.46875,2609.0
1785143216.153163,15,269.140625,2612.25
1785143216.153163,15,270.78125,2603.75
1785143216.153163,12,272.421875,2620.5
1785143216.153163,14,274.078125,2645.5
1785143216.153163,14,275.671875,2653.25
1785143216.153163,9,277.34375,2672.5
1785143216.153163,15,278.96875,2711.5
1785143216.153163,11,280.59375,2747.25
1785143216.153163,11,282.234375,2782.75
1785143216.153163,10,283.875,2835.5
1785143216.153163,8,285.515625,2879.75
1785143216.153163,7,287.140625,2918.0
1785143216.153163,15,288.78125,2965.75
1785143216.153163,8,290.421875,2997.5
1785143216.153163,15,339.78125,6179.0
1785143216.153163,14,343.015625,9642.25
1785143216.153163,15,344.65625,9549.25
1785143216.153163,15,346.3125,9497.5
1785143216.153163,15,347.96875,9378.75
1785143216.153163,15,349.625,9289.75
1785143216.2680933,15,356.265625,7126.75
1785143216.2680933,15,357.953125,7070.5
1785143216.2680933,15,359.59375,7060.75
1785143216.2680933,15,1.234375,7083.0
1785143216.2680933,15,7.8125,8760.5
1785143216.2680933,15,9.453125,8865.75
1785143216.2680933,15,19.0,447.0
1785143216.2680933,15,20.703125,444.25
1785143216.2680933,15,22.328125,444.0
1785143216.2680933,15,46.71875,108.0
1785143216.2680933,12,162.421875,10267.5
1785143216.2680933,15,164.078125,10127.0
1785143216.2680933,15,177.28125,10576.75
1785143216.2680933,15,193.8125,5598.75
1785143216.2680933,10,195.46875,5507.5
1785143216.2680933,14,198.765625,5104.75
1785143216.2680933,13,208.703125,4024.0
1785143216.2680933,15,210.3125,3937.5
1785143216.2680933,10,212.0,3853.75
1785143216.2680933,15,213.625,3754.75
1785143216.2680933,6,215.3125,3648.0
1785143216.2680933,15,216.9375,3561.5
1785143216.2680933,9,220.25,3377.0
1785143216.2680933,15,223.578125,3199.5
1785143216.2680933,15,225.25,3119.75
1785143216.2680933,9,226.890625,3061.25
1785143216.2680933,11,230.234375,2872.25
1785143216.2680933,15,231.875,2822.25
1785143216.2680933,15,233.53125,2813.75
1785143216.2680933,12,235.171875,2811.25
1785143216.2680933,9,238.4375,2727.0
1785143216.2680933,15,240.109375,2730.0
1785143216.2680933,13,241.765625,2698.0
1785143216.2680933,14,243.421875,2665.5
1785143216.2680933,12,245.078125,2643.5
1785143216.2680933,13,246.71875,2629.25
1785143216.2680933,15,248.359375,2613.25
1785143216.2680933,15,250.015625,2600.25
1785143216.2680933,15,251.6875,2593.25
1785143216.2680933,15,253.328125,2591.5
1785143216.2680933,11,255.0,2591.75
1785143216.2680933,15,256.65625,2590.5
1785143216.2680933,11,258.265625,2583.75
1785143216.2680933,14,259.921875,2569.75
1785143216.2680933,14,261.5625,2562.25
1785143216.2680933,10,263.203125,2567.25
1785143216.2680933,15,264.859375,2584.0
1785143216.2680933,15,266.46875,2601.75
1785143216.2680933,15,268.140625,2610.5
1785143216.2680933,15,269.78125,2604.75
1785143216.2680933,15,271.421875,2615.75
1785143216.2680933,11,273.0625,2638.0
1785143216.2680933,15,274.671875,2646.75
1785143216.2680933,12,276.28125,2661.25
1785143216.2680933,15,277.90625,2687.75
1785143216.2680933,13,279.578125,2726.25
1785143216.2680933,10,281.203125,2759.25
1785143216.2680933,15,282.828125,2800.75
1785143216.2680933,15,284.46875,2856.75
1785143216.2680933,10,286.078125,2900.25
1785143216.2680933,13,287.734375,2936.0
1785143216.2680933,15,289.359375,2984.0
1785143216.2680933,8,291.0,3012.0
1785143216.2680933,7,292.65625,3035.0
1785143216.2680933,15,343.65625,9603.5
1785143216.2680933,15,345.3125,9545.5
1785143216.2680933,15,346.953125,9412.25
1785143216.2680933,15,348.59375,9296.5
1785143216.3785179,15,356.90625,7090.5
1785143216.3785179,15,358.546875,7078.25
1785143216.3785179,15,0.1875,7066.25
1785143216.3785179,15,1.859375,7074.0
1785143216.3785179,15,8.421875,8844.5
1785143216.3785179,15,10.0625,8939.5
1785143216.3785179,15,19.609375,444.25
1785143216.3785179,15,21.234375,444.25
1785143216.3785179,15,22.890625,444.75
1785143216.3785179,15,46.890625,107.0
1785143216.3785179,15,162.9375,10241.25
1785143216.3785179,15,164.578125,10117.75
1785143216.3785179,11,172.8125,10083.75
1785143216.3785179,15,177.765625,10512.0
1785143216.3785179,15,194.28125,5602.5
1785143216.3785179,13,204.203125,4437.25
1785143216.3785179,15,209.1875,4008.25
1785143216.3785179,15,210.84375,3924.5
1785143216.3785179,11,212.5,3822.0
1785143216.3785179,15,214.125,3732.25
1785143216.3785179,15,217.4375,3536.75
1785143216.3785179,10,220.765625,3351.5
1785143216.3785179,13,224.09375,3192.75
1785143216.3785179,15,225.71875,3137.5
1785143216.3785179,9,230.734375,2845.0
1785143216.3785179,15,232.34375,2792.5
1785143216.3785179,15,234.03125,2796.25
1785143216.3785179,10,235.671875,2803.75
1785143216.3785179,15,238.953125,2721.75
1785143216.3785179,15,240.609375,2723.0
1785143216.3785179,12,242.28125,2686.75
1785143216.3785179,12,243.890625,2654.75
1785143216.3785179,14,245.5625,2639.0
1785143216.3785179,15,247.21875,2622.25
1785143216.3785179,15,248.859375,2605.0
1785143216.3785179,11,250.5,2594.0
1785143216.3785179,15,252.15625,2591.5
1785143216.3785179,15,253.78125,2595.25
1785143216.3785179,15,255.4375,2596.75
1785143216.3785179,15,257.09375,2592.5
1785143216.3785179,13,258.734375,2579.5
1785143216.3785179,12,260.40625,2565.5
1785143216.3785179,10,262.015625,2561.0
1785143216.3785179,12,263.6875,2569.25
1785143216.3785179,15,265.3125,2587.25
1785143216.3785179,15,266.9375,2605.75
1785143216.3785179,15,268.59375,2611.0
1785143216.3785179,15,270.234375,2608.0
1785143216.3785179,14,271.890625,2622.25
1785143216.3785179,15,273.53125,2640.75
1785143216.3785179,13,275.109375,2650.75
1785143216.3785179,12,276.765625,2670.25
1785143216.3785179,15,278.375,2707.75
1785143216.3785179,13,280.0,2741.75
1785143216.3785179,9,281.65625,2767.0
1785143216.3785179,15,283.28125,2818.25
1785143216.3785179,11,284.921875,2873.5
1785143216.3785179,11,286.546875,2908.0
1785143216.3785179,15,288.1875,2943.0
1785143216.3785179,15,289.828125,2979.75
1785143216.3785179,15,344.03125,9559.25
1785143216.3785179,15,345.6875,9507.0
1785143216.3785179,15,347.296875,9397.0
1785143216.3785179,15,348.96875,9310.75
1785143216.4904351,15,357.25,7070.0
1785143216.4904351,15,358.90625,7037.75
1785143216.4904351,15,0.546875,7048.25
1785143216.4904351,15,2.1875,7055.75
1785143216.4904351,15,5.5,6802.25
1785143216.4904351,15,8.734375,8801.0
1785143216.4904351,15,20.265625,444.5
1785143216.4904351,15,21.671875,444.0
1785143216.4904351,15,28.046875,487.0
1785143216.4904351,15,47.890625,106.75
1785143216.4904351,15,163.296875,10284.5
1785143216.4904351,8,173.15625,10166.75
1785143216.4904351,15,178.109375,10502.75
1785143216.4904351,12,194.671875,5555.5
1785143216.4904351,9,204.59375,4407.5
1785143216.4904351,15,209.5625,3977.25
1785143216.4904351,11,211.234375,3878.5
1785143216.4904351,15,212.875,3785.0
1785143216.4904351,15,214.546875,3697.5
1785143216.4904351,15,216.1875,3595.5
1785143216.4904351,5,217.84375,3504.0
1785143216.4904351,7,219.515625,3413.0
1785143216.4904351,15,221.171875,3335.25
1785143216.4904351,14,226.125,3064.0
1785143216.4904351,15,232.765625,2828.0
1785143216.4904351,15,234.421875,2795.0
1785143216.4904351,12,236.0625,2786.5
1785143216.4904351,15,237.71875,2746.25
1785143216.4904351,15,239.359375,2723.5
1785143216.4904351,15,241.0,2710.75
1785143216.4904351,13,242.6875,2677.5
1785143216.4904351,11,244.328125,2654.0
1785143216.4904351,11,245.953125,2637.25
1785143216.4904351,15,247.59375,2620.25
1785143216.4904351,15,249.265625,2607.5
1785143216.4904351,15,250.890625,2598.0
1785143216.4904351,15,252.515625,2593.25
1785143216.4904351,15,254.1875,2595.5
1785143216.4904351,15,255.84375,2599.5
1785143216.4904351,10,257.484375,2590.5
1785143216.4904351,10,259.125,2573.0
1785143216.4904351,12,260.78125,2561.25
1785143216.4904351,9,262.390625,2565.25
1785143216.4904351,9,264.03125,2579.75
1785143216.4904351,15,265.671875,2592.75
1785143216.4904351,15,267.328125,2607.0
1785143216.4904351,15,268.96875,2611.25
1785143216.4904351,15,270.609375,2601.75
1785143216.4904351,11,272.265625,2616.5
1785143216.4904351,15,273.90625,2643.75
1785143216.4904351,11,275.53125,2653.75
1785143216.4904351,10,277.140625,2676.75
1785143216.4904351,15,278.765625,2714.5
1785143216.4904351,11,280.421875,2744.0
1785143216.4904351,8,282.0625,2775.5
1785143216.4904351,15,283.671875,2832.25
1785143216.4904351,8,285.328125,2882.25
1785143216.4904351,8,286.953125,2922.25
1785143216.4904351,15,288.609375,2965.75
1785143216.4904351,15,339.59375,6176.5
1785143216.4904351,15,344.453125,9480.0
1785143216.4904351,15,346.109375,9481.75
1785143216.4904351,15,347.71875,9400.25
1785143216.4904351,15,349.375,9302.25
