timestamp,elapsed_s,scan_index,quality,angle_deg,distance_mm
1785222275.521426678,0.019149,0,15,350.750000,3582.500
1785222275.521426678,0.019149,0,15,354.015625,3822.750
1785222275.521426678,0.019149,0,15,355.656250,3879.500
1785222275.521426678,0.019149,0,15,357.296875,3938.000
1785222275.521426678,0.019149,0,11,358.968750,3999.000
1785222275.521426678,0.019149,0,9,0.609375,4043.250
1785222275.521426678,0.019149,0,15,2.265625,4089.250
1785222275.521426678,0.019149,0,15,3.906250,4134.500
1785222275.521426678,0.019149,0,15,11.265625,1216.750
1785222275.521426678,0.019149,0,15,12.906250,1210.000
1785222275.521426678,0.019149,0,15,14.531250,1210.000
1785222275.521426678,0.019149,0,15,198.250000,5203.250
1785222275.521426678,0.019149,0,15,222.890625,5328.750
1785222275.521426678,0.019149,0,15,234.593750,3360.250
1785222275.521426678,0.019149,0,15,236.218750,3387.000
1785222275.521426678,0.019149,0,15,239.484375,3905.000
1785222275.521426678,0.019149,0,15,241.125000,3824.000
1785222275.521426678,0.019149,0,15,242.765625,3748.250
1785222275.521426678,0.019149,0,15,244.437500,3693.500
1785222275.521426678,0.019149,0,15,246.078125,3625.750
1785222275.521426678,0.019149,0,15,247.765625,3570.000
1785222275.521426678,0.019149,0,15,249.406250,3513.000
1785222275.521426678,0.019149,0,15,251.046875,3471.250
1785222275.521426678,0.019149,0,15,252.734375,3424.750
1785222275.521426678,0.019149,0,15,254.375000,3401.250
1785222275.521426678,0.019149,0,15,256.000000,3464.000
1785222275.521426678,0.019149,0,15,257.625000,3478.750
1785222275.521426678,0.019149,0,15,262.562500,3761.750
1785222275.521426678,0.019149,0,15,264.187500,3737.250
1785222275.521426678,0.019149,0,15,265.859375,3701.250
1785222275.521426678,0.019149,0,15,267.500000,3693.000
1785222275.521426678,0.019149,0,15,269.156250,3694.500
1785222275.521426678,0.019149,0,15,270.812500,3681.250
1785222275.521426678,0.019149,0,15,272.453125,3683.000
1785222275.521426678,0.019149,0,15,274.078125,3685.750
1785222275.521426678,0.019149,0,15,275.671875,3684.250
1785222275.521426678,0.019149,0,15,277.312500,3689.750
1785222275.521426678,0.019149,0,15,278.953125,3700.000
1785222275.521426678,0.019149,0,15,280.593750,3715.000
1785222275.521426678,0.019149,0,15,282.218750,3743.000
1785222275.521426678,0.019149,0,15,283.890625,3765.000
1785222275.521426678,0.019149,0,15,285.515625,3758.500
1785222275.521426678,0.019149,0,15,287.156250,3771.000
1785222275.521426678,0.019149,0,15,288.812500,3816.000
1785222275.521426678,0.019149,0,15,290.437500,3797.500
1785222275.521426678,0.019149,0,15,293.750000,3580.500
1785222275.521426678,0.019149,0,15,297.093750,3288.750
1785222275.521426678,0.019149,0,15,298.828125,3298.000
1785222275.521426678,0.019149,0,15,300.468750,3343.500
1785222275.521426678,0.019149,0,15,302.125000,3381.000
1785222275.521426678,0.019149,0,15,303.781250,3438.500
1785222275.521426678,0.019149,0,15,305.406250,3508.000
1785222275.521426678,0.019149,0,15,307.062500,3591.750
1785222275.521426678,0.019149,0,15,308.687500,3673.500
1785222275.521426678,0.019149,0,13,313.656250,3665.500
1785222275.521426678,0.019149,0,7,315.312500,3609.750
1785222275.521426678,0.019149,0,9,316.968750,3560.500
1785222275.521426678,0.019149,0,15,318.625000,3513.750
1785222275.521426678,0.019149,0,15,320.281250,3488.750
1785222275.521426678,0.019149,0,14,321.906250,3486.000
1785222275.521426678,0.019149,0,15,323.609375,3489.750
1785222275.521426678,0.019149,0,15,325.281250,3483.750
1785222275.521426678,0.019149,0,15,326.937500,3472.500
1785222275.521426678,0.019149,0,15,328.562500,3467.250
1785222275.521426678,0.019149,0,15,330.218750,3475.000
1785222275.521426678,0.019149,0,15,331.875000,3486.500
1785222275.521426678,0.019149,0,15,333.546875,3485.250
1785222275.521426678,0.019149,0,15,335.187500,3491.250
1785222275.521426678,0.019149,0,15,336.843750,3506.750
1785222275.521426678,0.019149,0,15,338.500000,3516.000
1785222275.521426678,0.019149,0,15,340.140625,3528.750
1785222275.521426678,0.019149,0,15,341.812500,3534.500
1785222275.521426678,0.019149,0,8,343.437500,3544.500
1785222275.521426678,0.019149,0,13,345.125000,3567.250
1785222275.521426678,0.019149,0,8,346.734375,3583.500
1785222275.521426678,0.019149,0,15,348.375000,3591.500
1785222275.521426678,0.019149,0,15,350.046875,3586.500
1785222275.743981361,0.236960,1,15,350.875000,3591.000
1785222275.743981361,0.236960,1,15,354.125000,3820.750
1785222275.743981361,0.236960,1,15,355.765625,3879.000
1785222275.743981361,0.236960,1,15,357.421875,3940.500
1785222275.743981361,0.236960,1,11,359.078125,3997.000
1785222275.743981361,0.236960,1,11,0.718750,4044.750
1785222275.743981361,0.236960,1,14,2.343750,4093.250
1785222275.743981361,0.236960,1,13,4.000000,4131.500
1785222275.743981361,0.236960,1,15,11.375000,1215.000
1785222275.743981361,0.236960,1,15,13.078125,1211.250
1785222275.743981361,0.236960,1,15,14.703125,1208.750
1785222275.743981361,0.236960,1,15,198.281250,5178.000
1785222275.743981361,0.236960,1,15,218.031250,5973.500
1785222275.743981361,0.236960,1,15,223.015625,5242.750
1785222275.743981361,0.236960,1,15,234.671875,3360.250
1785222275.743981361,0.236960,1,4,236.281250,3385.250
1785222275.743981361,0.236960,1,15,239.546875,3895.250
1785222275.743981361,0.236960,1,15,241.187500,3822.000
1785222275.743981361,0.236960,1,15,242.843750,3751.750
1785222275.743981361,0.236960,1,15,244.500000,3692.250
1785222275.743981361,0.236960,1,15,246.140625,3622.750
1785222275.743981361,0.236960,1,15,247.812500,3565.250
1785222275.743981361,0.236960,1,15,249.437500,3513.250
1785222275.743981361,0.236960,1,15,251.078125,3469.500
1785222275.743981361,0.236960,1,15,252.750000,3421.000
1785222275.743981361,0.236960,1,15,254.375000,3400.250
1785222275.743981361,0.236960,1,15,256.031250,3461.000
1785222275.743981361,0.236960,1,15,257.656250,3479.000
1785222275.743981361,0.236960,1,15,262.578125,3754.250
1785222275.743981361,0.236960,1,15,264.218750,3731.750
1785222275.743981361,0.236960,1,15,265.859375,3702.500
1785222275.743981361,0.236960,1,15,267.515625,3693.000
1785222275.743981361,0.236960,1,15,269.140625,3691.750
1785222275.743981361,0.236960,1,15,270.812500,3679.750
1785222275.743981361,0.236960,1,15,272.453125,3679.500
1785222275.743981361,0.236960,1,15,274.093750,3676.750
1785222275.743981361,0.236960,1,15,275.703125,3675.750
1785222275.743981361,0.236960,1,15,277.343750,3688.000
1785222275.743981361,0.236960,1,15,279.000000,3702.000
1785222275.743981361,0.236960,1,15,280.640625,3716.250
1785222275.743981361,0.236960,1,15,282.250000,3741.250
1785222275.743981361,0.236960,1,15,283.906250,3763.250
1785222275.743981361,0.236960,1,15,285.546875,3759.500
1785222275.743981361,0.236960,1,15,287.203125,3772.750
1785222275.743981361,0.236960,1,15,288.828125,3811.750
1785222275.743981361,0.236960,1,15,293.781250,3583.750
1785222275.743981361,0.236960,1,15,297.093750,3292.750
1785222275.743981361,0.236960,1,15,298.859375,3296.500
1785222275.743981361,0.236960,1,15,300.515625,3342.000
1785222275.743981361,0.236960,1,15,302.171875,3381.750
1785222275.743981361,0.236960,1,15,303.812500,3438.750
1785222275.743981361,0.236960,1,15,305.437500,3513.250
1785222275.743981361,0.236960,1,15,307.078125,3597.000
1785222275.743981361,0.236960,1,15,308.734375,3676.250
1785222275.743981361,0.236960,1,13,313.671875,3670.750
1785222275.743981361,0.236960,1,8,315.343750,3606.750
1785222275.743981361,0.236960,1,10,317.000000,3555.750
1785222275.743981361,0.236960,1,15,318.640625,3516.250
1785222275.743981361,0.236960,1,15,320.312500,3492.000
1785222275.743981361,0.236960,1,14,321.937500,3486.000
1785222275.743981361,0.236960,1,15,323.609375,3486.750
1785222275.743981361,0.236960,1,15,325.265625,3481.500
1785222275.743981361,0.236960,1,15,326.921875,3471.500
1785222275.743981361,0.236960,1,15,328.546875,3468.500
1785222275.743981361,0.236960,1,15,330.234375,3475.250
1785222275.743981361,0.236960,1,15,331.859375,3485.000
1785222275.743981361,0.236960,1,15,333.500000,3484.250
1785222275.743981361,0.236960,1,15,335.156250,3491.250
1785222275.743981361,0.236960,1,15,336.812500,3507.000
1785222275.743981361,0.236960,1,15,338.468750,3514.250
1785222275.743981361,0.236960,1,15,340.125000,3527.250
1785222275.743981361,0.236960,1,15,341.750000,3537.000
1785222275.743981361,0.236960,1,7,343.390625,3547.500
1785222275.743981361,0.236960,1,9,345.046875,3568.250
1785222275.743981361,0.236960,1,10,346.703125,3581.750
1785222275.743981361,0.236960,1,15,348.328125,3589.750
1785222275.743981361,0.236960,1,15,349.968750,3587.250
1785222275.856930256,0.424004,2,8,353.265625,3763.500
1785222275.856930256,0.424004,2,15,354.890625,3836.750
1785222275.856930256,0.424004,2,15,356.531250,3898.000
1785222275.856930256,0.424004,2,13,358.187500,3948.750
1785222275.856930256,0.424004,2,11,359.843750,4002.500
1785222275.856930256,0.424004,2,10,1.484375,4043.750
1785222275.856930256,0.424004,2,15,3.140625,4098.250
1785222275.856930256,0.424004,2,15,4.750000,4138.750
1785222275.856930256,0.424004,2,15,12.250000,1209.250
1785222275.856930256,0.424004,2,15,13.828125,1212.000
1785222275.856930256,0.424004,2,15,15.515625,1221.250
1785222275.856930256,0.424004,2,7,184.093750,10186.500
1785222275.856930256,0.424004,2,15,195.765625,5226.750
1785222275.856930256,0.424004,2,15,197.421875,5188.500
1785222275.856930256,0.424004,2,15,218.812500,5882.500
1785222275.856930256,0.424004,2,15,225.437500,5081.250
1785222275.856930256,0.424004,2,15,228.750000,4773.250
1785222275.856930256,0.424004,2,15,230.406250,4655.500
1785222275.856930256,0.424004,2,15,233.812500,3370.000
1785222275.856930256,0.424004,2,15,235.453125,3358.500
1785222275.856930256,0.424004,2,15,240.359375,3835.000
1785222275.856930256,0.424004,2,15,242.000000,3771.000
1785222275.856930256,0.424004,2,15,243.656250,3731.500
1785222275.856930256,0.424004,2,15,245.312500,3668.000
1785222275.856930256,0.424004,2,15,246.968750,3591.500
1785222275.856930256,0.424004,2,15,248.609375,3544.000
1785222275.856930256,0.424004,2,15,250.265625,3502.250
1785222275.856930256,0.424004,2,15,251.875000,3452.500
1785222275.856930256,0.424004,2,15,253.515625,3396.000
1785222275.856930256,0.424004,2,15,256.796875,3513.500
1785222275.856930256,0.424004,2,15,258.437500,3472.000
1785222275.856930256,0.424004,2,15,261.687500,3725.000
1785222275.856930256,0.424004,2,15,263.328125,3744.750
1785222275.856930256,0.424004,2,15,265.000000,3728.500
1785222275.856930256,0.424004,2,15,266.625000,3706.500
1785222275.856930256,0.424004,2,15,268.281250,3699.000
1785222275.856930256,0.424004,2,15,269.937500,3692.000
1785222275.856930256,0.424004,2,15,271.578125,3680.750
1785222275.856930256,0.424004,2,15,273.218750,3674.500
1785222275.856930256,0.424004,2,15,274.859375,3670.500
1785222275.856930256,0.424004,2,15,276.500000,3680.000
1785222275.856930256,0.424004,2,15,278.140625,3702.500
1785222275.856930256,0.424004,2,15,279.781250,3707.750
1785222275.856930256,0.424004,2,15,281.406250,3716.750
1785222275.856930256,0.424004,2,15,283.062500,3746.000
1785222275.856930256,0.424004,2,15,284.703125,3758.250
1785222275.856930256,0.424004,2,15,286.343750,3774.500
1785222275.856930256,0.424004,2,15,287.984375,3803.500
1785222275.856930256,0.424004,2,15,289.625000,3833.000
1785222275.856930256,0.424004,2,15,292.953125,3627.000
1785222275.856930256,0.424004,2,15,297.890625,3268.250
1785222275.856930256,0.424004,2,15,299.640625,3319.500
1785222275.856930256,0.424004,2,15,301.265625,3364.250
1785222275.856930256,0.424004,2,15,302.906250,3413.250
1785222275.856930256,0.424004,2,15,304.562500,3476.250
1785222275.856930256,0.424004,2,15,306.203125,3545.000
1785222275.856930256,0.424004,2,9,307.843750,3612.250
1785222275.856930256,0.424004,2,13,314.421875,3637.250
1785222275.856930256,0.424004,2,9,316.093750,3608.250
1785222275.856930256,0.424004,2,12,317.750000,3550.000
1785222275.856930256,0.424004,2,15,319.390625,3507.250
1785222275.856930256,0.424004,2,15,321.062500,3503.500
1785222275.856930256,0.424004,2,15,322.703125,3494.500
1785222275.856930256,0.424004,2,15,324.359375,3477.250
1785222275.856930256,0.424004,2,15,326.015625,3470.000
1785222275.856930256,0.424004,2,15,327.640625,3461.000
1785222275.856930256,0.424004,2,15,329.296875,3458.750
1785222275.856930256,0.424004,2,15,330.953125,3469.500
1785222275.856930256,0.424004,2,15,332.578125,3483.500
1785222275.856930256,0.424004,2,15,334.234375,3497.250
1785222275.856930256,0.424004,2,15,335.890625,3502.500
1785222275.856930256,0.424004,2,15,337.531250,3506.750
1785222275.856930256,0.424004,2,15,339.187500,3519.500
1785222275.856930256,0.424004,2,15,340.843750,3532.500
1785222275.856930256,0.424004,2,11,342.500000,3530.750
1785222275.856930256,0.424004,2,7,344.140625,3547.750
1785222275.856930256,0.424004,2,10,345.765625,3581.250
1785222275.856930256,0.424004,2,12,347.421875,3591.500
1785222275.856930256,0.424004,2,15,349.062500,3587.750
1785222275.970152855,0.501647,3,15,350.687500,3583.000
1785222275.970152855,0.501647,3,8,353.984375,3802.500
1785222275.970152855,0.501647,3,15,355.609375,3860.250
1785222275.970152855,0.501647,3,15,357.250000,3936.250
1785222275.970152855,0.501647,3,13,358.890625,3996.250
1785222275.970152855,0.501647,3,10,0.546875,4039.750
1785222275.970152855,0.501647,3,15,2.203125,4085.750
1785222275.970152855,0.501647,3,15,3.828125,4128.250
1785222275.970152855,0.501647,3,15,11.234375,1216.250
1785222275.970152855,0.501647,3,15,12.921875,1209.500
1785222275.970152855,0.501647,3,15,14.500000,1209.750
1785222275.970152855,0.501647,3,8,181.375000,10194.000
1785222275.970152855,0.501647,3,7,183.031250,10180.250
1785222275.970152855,0.501647,3,15,196.375000,5212.250
1785222275.970152855,0.501647,3,15,198.031250,5171.250
1785222275.970152855,0.501647,3,15,227.671875,4872.000
1785222275.970152855,0.501647,3,15,230.984375,4610.750
1785222275.970152855,0.501647,3,15,234.406250,3390.250
1785222275.970152855,0.501647,3,15,236.031250,3370.750
1785222275.970152855,0.501647,3,15,239.281250,3900.000
1785222275.970152855,0.501647,3,15,240.937500,3815.250
1785222275.970152855,0.501647,3,15,242.593750,3752.500
1785222275.970152855,0.501647,3,15,244.265625,3694.000
1785222275.970152855,0.501647,3,15,245.906250,3625.000
1785222275.970152855,0.501647,3,15,247.562500,3581.000
1785222275.970152855,0.501647,3,15,249.218750,3535.500
1785222275.970152855,0.501647,3,15,250.843750,3473.500
1785222275.970152855,0.501647,3,15,252.500000,3421.750
1785222275.970152855,0.501647,3,15,254.140625,3390.250
1785222275.970152855,0.501647,3,15,257.437500,3494.500
1785222275.970152855,0.501647,3,15,259.062500,3519.000
1785222275.970152855,0.501647,3,15,262.343750,3756.000
1785222275.970152855,0.501647,3,15,263.984375,3740.750
1785222275.970152855,0.501647,3,15,265.640625,3727.500
1785222275.970152855,0.501647,3,15,267.296875,3711.250
1785222275.970152855,0.501647,3,15,268.937500,3690.250
1785222275.970152855,0.501647,3,15,270.578125,3687.250
1785222275.970152855,0.501647,3,15,272.218750,3691.500
1785222275.970152855,0.501647,3,15,273.890625,3674.250
1785222275.970152855,0.501647,3,15,275.531250,3662.000
1785222275.970152855,0.501647,3,15,277.171875,3681.000
1785222275.970152855,0.501647,3,15,278.812500,3703.000
1785222275.970152855,0.501647,3,15,280.437500,3724.500
1785222275.970152855,0.501647,3,15,282.109375,3743.000
1785222275.970152855,0.501647,3,15,283.718750,3760.750
1785222275.970152855,0.501647,3,15,285.390625,3774.000
1785222275.970152855,0.501647,3,15,287.015625,3789.000
1785222275.970152855,0.501647,3,15,288.656250,3818.250
1785222275.970152855,0.501647,3,15,290.312500,3799.250
1785222275.970152855,0.501647,3,15,293.640625,3587.500
1785222275.970152855,0.501647,3,15,298.656250,3290.250
1785222275.970152855,0.501647,3,15,300.312500,3339.250
1785222275.970152855,0.501647,3,15,301.937500,3381.750
1785222275.970152855,0.501647,3,15,303.593750,3439.750
1785222275.970152855,0.501647,3,15,305.234375,3501.750
1785222275.970152855,0.501647,3,15,306.890625,3575.000
1785222275.970152855,0.501647,3,15,308.515625,3659.500
1785222275.970152855,0.501647,3,13,313.468750,3669.750
1785222275.970152855,0.501647,3,6,315.125000,3613.500
1785222275.970152855,0.501647,3,10,316.796875,3561.250
1785222275.970152855,0.501647,3,15,318.421875,3520.500
1785222275.970152855,0.501647,3,15,320.093750,3494.500
1785222275.970152855,0.501647,3,15,321.734375,3488.000
1785222275.970152855,0.501647,3,15,323.375000,3490.250
1785222275.970152855,0.501647,3,15,325.046875,3479.500
1785222275.970152855,0.501647,3,15,326.687500,3469.750
1785222275.970152855,0.501647,3,15,328.343750,3470.000
1785222275.970152855,0.501647,3,15,329.984375,3471.750
1785222275.970152855,0.501647,3,15,331.640625,3468.500
1785222275.970152855,0.501647,3,6,333.281250,3455.750
1785222275.970152855,0.501647,3,15,334.937500,3464.500
1785222275.970152855,0.501647,3,15,336.593750,3495.500
1785222275.970152855,0.501647,3,15,338.250000,3490.500
1785222275.970152855,0.501647,3,15,339.890625,3499.500
1785222275.970152855,0.501647,3,15,341.531250,3529.250
1785222275.970152855,0.501647,3,13,343.171875,3545.000
1785222275.970152855,0.501647,3,10,344.812500,3566.750
1785222275.970152855,0.501647,3,8,346.468750,3584.250
1785222275.970152855,0.501647,3,15,348.125000,3596.250
1785222275.970152855,0.501647,3,9,349.781250,3587.750
1785222276.081651211,0.578764,4,12,351.421875,3626.250
1785222276.081651211,0.578764,4,15,354.718750,3840.750
1785222276.081651211,0.578764,4,14,356.328125,3899.000
1785222276.081651211,0.578764,4,15,357.984375,3961.500
1785222276.081651211,0.578764,4,11,359.640625,4024.750
1785222276.081651211,0.578764,4,15,1.265625,4053.500
1785222276.081651211,0.578764,4,15,2.921875,4092.250
1785222276.081651211,0.578764,4,15,4.562500,4140.750
1785222276.081651211,0.578764,4,15,11.984375,1211.250
1785222276.081651211,0.578764,4,15,13.671875,1212.250
1785222276.081651211,0.578764,4,15,15.312500,1211.750
1785222276.081651211,0.578764,4,15,197.078125,5205.250
1785222276.081651211,0.578764,4,15,221.734375,5446.000
1785222276.081651211,0.578764,4,15,235.062500,3360.750
1785222276.081651211,0.578764,4,15,239.953125,3872.500
1785222276.081651211,0.578764,4,15,241.609375,3798.250
1785222276.081651211,0.578764,4,15,243.250000,3731.250
1785222276.081651211,0.578764,4,15,244.890625,3665.500
1785222276.081651211,0.578764,4,15,246.578125,3600.750
1785222276.081651211,0.578764,4,15,248.203125,3544.250
1785222276.081651211,0.578764,4,15,249.843750,3500.250
1785222276.081651211,0.578764,4,15,251.578125,3453.750
1785222276.081651211,0.578764,4,15,253.218750,3406.500
1785222276.081651211,0.578764,4,15,254.843750,3423.750
1785222276.081651211,0.578764,4,15,256.484375,3471.250
1785222276.081651211,0.578764,4,15,258.140625,3472.750
1785222276.081651211,0.578764,4,15,263.062500,3746.250
1785222276.081651211,0.578764,4,15,264.734375,3728.750
1785222276.081651211,0.578764,4,15,266.375000,3701.750
1785222276.081651211,0.578764,4,15,268.015625,3696.250
1785222276.081651211,0.578764,4,15,269.671875,3693.750
1785222276.081651211,0.578764,4,15,271.328125,3675.250
1785222276.081651211,0.578764,4,15,272.968750,3675.000
1785222276.081651211,0.578764,4,15,274.562500,3683.000
1785222276.081651211,0.578764,4,15,276.218750,3681.000
1785222276.081651211,0.578764,4,15,277.859375,3691.750
1785222276.081651211,0.578764,4,15,279.500000,3711.500
1785222276.081651211,0.578764,4,15,281.156250,3728.500
1785222276.081651211,0.578764,4,15,282.796875,3751.250
1785222276.081651211,0.578764,4,15,284.453125,3763.250
1785222276.081651211,0.578764,4,15,286.093750,3773.250
1785222276.081651211,0.578764,4,15,287.718750,3794.000
1785222276.081651211,0.578764,4,15,289.359375,3827.500
1785222276.081651211,0.578764,4,15,294.343750,3527.750
1785222276.081651211,0.578764,4,15,297.687500,3263.000
1785222276.081651211,0.578764,4,15,299.390625,3303.750
1785222276.081651211,0.578764,4,15,301.046875,3355.500
1785222276.081651211,0.578764,4,15,302.671875,3409.750
1785222276.081651211,0.578764,4,15,304.312500,3473.750
1785222276.081651211,0.578764,4,15,305.968750,3534.250
1785222276.081651211,0.578764,4,15,307.609375,3607.000
1785222276.081651211,0.578764,4,12,309.250000,3662.750
1785222276.081651211,0.578764,4,12,314.218750,3657.750
1785222276.081651211,0.578764,4,5,315.859375,3607.250
1785222276.081651211,0.578764,4,13,317.500000,3551.000
1785222276.081651211,0.578764,4,15,319.187500,3517.750
1785222276.081651211,0.578764,4,15,320.828125,3503.250
1785222276.081651211,0.578764,4,15,322.468750,3490.250
1785222276.081651211,0.578764,4,15,324.093750,3486.000
1785222276.081651211,0.578764,4,15,325.765625,3481.750
1785222276.081651211,0.578764,4,15,327.421875,3477.500
1785222276.081651211,0.578764,4,15,329.062500,3477.500
1785222276.081651211,0.578764,4,15,330.718750,3481.750
1785222276.081651211,0.578764,4,15,332.343750,3492.750
1785222276.081651211,0.578764,4,15,334.000000,3497.750
1785222276.081651211,0.578764,4,15,335.656250,3502.000
1785222276.081651211,0.578764,4,15,337.312500,3513.500
1785222276.081651211,0.578764,4,15,338.968750,3530.750
1785222276.081651211,0.578764,4,15,340.609375,3542.750
1785222276.081651211,0.578764,4,15,342.265625,3546.750
1785222276.081651211,0.578764,4,8,343.906250,3566.250
1785222276.081651211,0.578764,4,8,345.546875,3584.750
1785222276.081651211,0.578764,4,10,347.234375,3588.750
1785222276.081651211,0.578764,4,14,348.859375,3591.000
1785222276.193063736,0.734173,5,15,350.515625,3591.250
1785222276.193063736,0.734173,5,15,353.781250,3813.750
1785222276.193063736,0.734173,5,15,355.421875,3877.000
1785222276.193063736,0.734173,5,15,357.078125,3932.500
1785222276.193063736,0.734173,5,12,358.734375,3989.750
1785222276.193063736,0.734173,5,12,0.390625,4025.000
1785222276.193063736,0.734173,5,15,2.031250,4070.750
1785222276.193063736,0.734173,5,15,3.671875,4127.250
1785222276.193063736,0.734173,5,15,11.109375,1218.500
1785222276.193063736,0.734173,5,15,12.671875,1208.250
1785222276.193063736,0.734173,5,15,14.312500,1212.000
1785222276.193063736,0.734173,5,15,196.187500,5194.000
1785222276.193063736,0.734173,5,15,197.828125,5153.750
1785222276.193063736,0.734173,5,15,222.468750,5374.000
1785222276.193063736,0.734173,5,15,225.781250,5025.250
1785222276.193063736,0.734173,5,15,229.078125,4747.500
1785222276.193063736,0.734173,5,15,234.109375,3390.500
1785222276.193063736,0.734173,5,15,235.765625,3344.250
1785222276.193063736,0.734173,5,15,239.000000,3922.500
1785222276.193063736,0.734173,5,15,240.671875,3837.500
1785222276.193063736,0.734173,5,15,242.312500,3763.750
1785222276.193063736,0.734173,5,15,243.953125,3712.250
1785222276.193063736,0.734173,5,15,245.609375,3643.500
1785222276.193063736,0.734173,5,15,247.250000,3583.000
1785222276.193063736,0.734173,5,15,248.906250,3530.500
1785222276.193063736,0.734173,5,15,250.625000,3480.500
1785222276.193063736,0.734173,5,15,252.265625,3437.750
1785222276.193063736,0.734173,5,15,253.937500,3391.750
1785222276.193063736,0.734173,5,15,257.218750,3495.500
1785222276.193063736,0.734173,5,14,258.875000,3497.500
1785222276.193063736,0.734173,5,15,262.140625,3753.000
1785222276.193063736,0.734173,5,15,263.781250,3746.000
1785222276.193063736,0.734173,5,15,265.437500,3730.500
1785222276.193063736,0.734173,5,15,267.078125,3696.500
1785222276.193063736,0.734173,5,15,268.734375,3672.500
1785222276.193063736,0.734173,5,15,270.390625,3664.250
1785222276.193063736,0.734173,5,15,272.046875,3672.750
1785222276.193063736,0.734173,5,15,273.703125,3685.000
1785222276.193063736,0.734173,5,15,275.265625,3683.250
1785222276.193063736,0.734173,5,15,276.921875,3686.000
1785222276.193063736,0.734173,5,15,278.578125,3695.750
1785222276.193063736,0.734173,5,15,280.218750,3718.500
1785222276.193063736,0.734173,5,15,281.859375,3740.750
1785222276.193063736,0.734173,5,15,283.484375,3758.250
1785222276.193063736,0.734173,5,15,285.140625,3770.500
1785222276.193063736,0.734173,5,15,286.796875,3782.500
1785222276.193063736,0.734173,5,15,288.437500,3809.500
1785222276.193063736,0.734173,5,15,290.078125,3822.750
1785222276.193063736,0.734173,5,15,293.390625,3586.750
1785222276.193063736,0.734173,5,15,298.453125,3281.750
1785222276.193063736,0.734173,5,15,300.109375,3331.000
1785222276.193063736,0.734173,5,15,301.734375,3376.000
1785222276.193063736,0.734173,5,15,303.390625,3432.750
1785222276.193063736,0.734173,5,15,305.015625,3492.750
1785222276.193063736,0.734173,5,15,306.671875,3565.750
1785222276.193063736,0.734173,5,15,308.312500,3654.750
1785222276.193063736,0.734173,5,12,313.265625,3672.500
1785222276.193063736,0.734173,5,13,314.921875,3636.000
1785222276.193063736,0.734173,5,8,316.578125,3591.250
1785222276.193063736,0.734173,5,13,318.218750,3533.000
1785222276.193063736,0.734173,5,15,319.890625,3501.250
1785222276.193063736,0.734173,5,15,321.546875,3499.000
1785222276.193063736,0.734173,5,15,323.218750,3493.500
1785222276.193063736,0.734173,5,15,324.875000,3477.250
1785222276.193063736,0.734173,5,15,326.546875,3472.000
1785222276.193063736,0.734173,5,15,328.203125,3473.250
1785222276.193063736,0.734173,5,15,329.843750,3478.250
1785222276.193063736,0.734173,5,15,331.500000,3486.000
1785222276.193063736,0.734173,5,15,333.156250,3484.000
1785222276.193063736,0.734173,5,15,334.796875,3499.750
1785222276.193063736,0.734173,5,15,336.468750,3523.500
1785222276.193063736,0.734173,5,15,338.093750,3522.000
1785222276.193063736,0.734173,5,15,339.765625,3521.500
1785222276.193063736,0.734173,5,15,341.406250,3534.750
1785222276.193063736,0.734173,5,8,343.078125,3552.250
1785222276.193063736,0.734173,5,10,344.718750,3567.000
1785222276.193063736,0.734173,5,15,346.359375,3590.250
1785222276.193063736,0.734173,5,15,348.015625,3603.000
1785222276.193063736,0.734173,5,15,349.671875,3592.500
1785222276.305548429,0.811093,6,15,351.328125,3628.000
1785222276.305548429,0.811093,6,15,354.609375,3836.250
1785222276.305548429,0.811093,6,15,356.250000,3895.000
1785222276.305548429,0.811093,6,15,357.921875,3954.250
1785222276.305548429,0.811093,6,14,359.578125,4002.000
1785222276.305548429,0.811093,6,11,1.203125,4037.250
1785222276.305548429,0.811093,6,15,2.859375,4091.000
1785222276.305548429,0.811093,6,15,4.500000,4139.250
1785222276.305548429,0.811093,6,15,11.859375,1212.000
1785222276.305548429,0.811093,6,15,13.562500,1212.500
1785222276.305548429,0.811093,6,15,15.187500,1211.000
1785222276.305548429,0.811093,6,15,197.109375,5199.500
1785222276.305548429,0.811093,6,15,235.140625,3358.500
1785222276.305548429,0.811093,6,15,240.031250,3869.750
1785222276.305548429,0.811093,6,15,241.671875,3790.000
1785222276.305548429,0.811093,6,15,243.312500,3725.500
1785222276.305548429,0.811093,6,15,244.984375,3671.250
1785222276.305548429,0.811093,6,15,246.640625,3604.750
1785222276.305548429,0.811093,6,15,248.312500,3544.000
1785222276.305548429,0.811093,6,15,249.953125,3501.250
1785222276.305548429,0.811093,6,15,251.625000,3454.000
1785222276.305548429,0.811093,6,15,253.265625,3405.500
1785222276.305548429,0.811093,6,15,254.906250,3425.750
1785222276.305548429,0.811093,6,15,256.531250,3476.000
1785222276.305548429,0.811093,6,15,258.187500,3471.750
1785222276.305548429,0.811093,6,15,263.125000,3744.500
1785222276.305548429,0.811093,6,15,264.750000,3726.250
1785222276.305548429,0.811093,6,15,266.421875,3701.250
1785222276.305548429,0.811093,6,15,268.062500,3693.500
1785222276.305548429,0.811093,6,15,269.703125,3689.750
1785222276.305548429,0.811093,6,15,271.359375,3673.250
1785222276.305548429,0.811093,6,15,273.015625,3663.250
1785222276.305548429,0.811093,6,15,274.593750,3672.500
1785222276.305548429,0.811093,6,15,276.250000,3680.000
1785222276.305548429,0.811093,6,15,277.890625,3690.750
1785222276.305548429,0.811093,6,15,279.546875,3711.750
1785222276.305548429,0.811093,6,15,281.171875,3728.000
1785222276.305548429,0.811093,6,15,282.828125,3748.250
1785222276.305548429,0.811093,6,15,284.437500,3760.500
1785222276.305548429,0.811093,6,15,286.093750,3772.250
1785222276.305548429,0.811093,6,15,287.734375,3793.000
1785222276.305548429,0.811093,6,15,289.359375,3827.250
1785222276.305548429,0.811093,6,15,294.343750,3528.750
1785222276.305548429,0.811093,6,15,297.656250,3265.500
1785222276.305548429,0.811093,6,15,299.390625,3307.000
1785222276.305548429,0.811093,6,15,301.078125,3356.250
1785222276.305548429,0.811093,6,15,302.703125,3408.500
1785222276.305548429,0.811093,6,15,304.359375,3474.000
1785222276.305548429,0.811093,6,15,306.000000,3535.750
1785222276.305548429,0.811093,6,15,307.640625,3607.000
1785222276.305548429,0.811093,6,13,314.234375,3635.000
1785222276.305548429,0.811093,6,11,315.890625,3604.250
1785222276.305548429,0.811093,6,14,317.562500,3554.500
1785222276.305548429,0.811093,6,15,319.203125,3518.000
1785222276.305548429,0.811093,6,15,320.875000,3504.750
1785222276.305548429,0.811093,6,15,322.593750,3489.000
1785222276.305548429,0.811093,6,15,324.234375,3478.000
1785222276.305548429,0.811093,6,15,325.906250,3477.750
1785222276.305548429,0.811093,6,15,327.562500,3477.250
1785222276.305548429,0.811093,6,15,329.203125,3471.750
1785222276.305548429,0.811093,6,15,330.859375,3471.500
1785222276.305548429,0.811093,6,15,332.515625,3469.000
1785222276.305548429,0.811093,6,15,334.187500,3482.500
1785222276.305548429,0.811093,6,15,335.812500,3504.750
1785222276.305548429,0.811093,6,15,337.468750,3508.500
1785222276.305548429,0.811093,6,15,339.156250,3519.750
1785222276.305548429,0.811093,6,15,340.796875,3533.000
1785222276.305548429,0.811093,6,15,342.437500,3531.250
1785222276.305548429,0.811093,6,8,344.109375,3551.250
1785222276.305548429,0.811093,6,9,345.750000,3582.250
1785222276.305548429,0.811093,6,12,347.390625,3589.250
1785222276.305548429,0.811093,6,15,349.031250,3586.000
1785222276.416605473,0.982902,7,15,350.687500,3582.250
1785222276.416605473,0.982902,7,8,353.984375,3799.000
1785222276.416605473,0.982902,7,15,355.609375,3859.250
1785222276.416605473,0.982902,7,15,357.281250,3934.000
1785222276.416605473,0.982902,7,13,358.906250,3993.750
1785222276.416605473,0.982902,7,10,0.578125,4036.250
1785222276.416605473,0.982902,7,15,2.218750,4082.250
1785222276.416605473,0.982902,7,15,3.875000,4128.500
1785222276.416605473,0.982902,7,15,11.265625,1215.750
1785222276.416605473,0.982902,7,15,12.953125,1209.250
1785222276.416605473,0.982902,7,15,14.515625,1209.000
1785222276.416605473,0.982902,7,8,184.843750,10185.750
1785222276.416605473,0.982902,7,15,196.500000,5243.250
1785222276.416605473,0.982902,7,15,198.156250,5198.250
1785222276.416605473,0.982902,7,15,222.875000,5336.000
1785222276.416605473,0.982902,7,15,234.609375,3362.500
1785222276.416605473,0.982902,7,15,236.250000,3386.250
1785222276.416605473,0.982902,7,15,239.500000,3899.750
1785222276.416605473,0.982902,7,15,241.156250,3823.000
1785222276.416605473,0.982902,7,15,242.843750,3751.000
1785222276.416605473,0.982902,7,15,244.484375,3692.250
1785222276.416605473,0.982902,7,15,246.156250,3622.250
1785222276.416605473,0.982902,7,15,247.796875,3563.750
1785222276.416605473,0.982902,7,15,249.468750,3514.000
1785222276.416605473,0.982902,7,15,251.078125,3470.000
1785222276.416605473,0.982902,7,15,252.718750,3420.250
1785222276.416605473,0.982902,7,15,254.375000,3399.500
1785222276.416605473,0.982902,7,15,256.015625,3458.750
1785222276.416605473,0.982902,7,15,257.671875,3479.500
1785222276.416605473,0.982902,7,15,262.578125,3751.000
1785222276.416605473,0.982902,7,15,264.234375,3730.000
1785222276.416605473,0.982902,7,15,265.875000,3703.750
1785222276.416605473,0.982902,7,15,267.546875,3693.500
1785222276.416605473,0.982902,7,15,269.203125,3691.250
1785222276.416605473,0.982902,7,15,270.828125,3681.500
1785222276.416605473,0.982902,7,15,272.468750,3670.000
1785222276.416605473,0.982902,7,15,274.109375,3668.500
1785222276.416605473,0.982902,7,15,275.718750,3684.500
1785222276.416605473,0.982902,7,15,277.359375,3692.750
1785222276.416605473,0.982902,7,15,278.984375,3700.000
1785222276.416605473,0.982902,7,15,280.625000,3715.250
1785222276.416605473,0.982902,7,15,282.281250,3742.250
1785222276.416605473,0.982902,7,15,283.937500,3763.750
1785222276.416605473,0.982902,7,15,285.562500,3759.750
1785222276.416605473,0.982902,7,15,287.203125,3774.250
1785222276.416605473,0.982902,7,15,288.843750,3812.500
1785222276.416605473,0.982902,7,15,293.812500,3586.750
1785222276.416605473,0.982902,7,15,297.140625,3292.000
1785222276.416605473,0.982902,7,15,298.859375,3292.750
1785222276.416605473,0.982902,7,15,300.531250,3340.500
1785222276.416605473,0.982902,7,15,302.156250,3383.000
1785222276.416605473,0.982902,7,15,303.812500,3440.250
1785222276.416605473,0.982902,7,15,305.468750,3511.750
1785222276.416605473,0.982902,7,15,307.093750,3594.750
1785222276.416605473,0.982902,7,15,308.718750,3674.500
1785222276.416605473,0.982902,7,14,313.687500,3675.500
1785222276.416605473,0.982902,7,6,315.328125,3614.250
1785222276.416605473,0.982902,7,12,317.015625,3558.000
1785222276.416605473,0.982902,7,15,318.656250,3518.750
1785222276.416605473,0.982902,7,15,320.296875,3494.750
1785222276.416605473,0.982902,7,15,321.953125,3487.750
1785222276.416605473,0.982902,7,15,323.656250,3486.000
1785222276.416605473,0.982902,7,15,325.312500,3480.750
1785222276.416605473,0.982902,7,15,326.968750,3472.250
1785222276.416605473,0.982902,7,15,328.625000,3470.250
1785222276.416605473,0.982902,7,15,330.265625,3473.000
1785222276.416605473,0.982902,7,15,331.921875,3480.500
1785222276.416605473,0.982902,7,15,333.578125,3483.750
1785222276.416605473,0.982902,7,15,335.218750,3493.750
1785222276.416605473,0.982902,7,15,336.875000,3508.750
1785222276.416605473,0.982902,7,15,338.546875,3513.000
1785222276.416605473,0.982902,7,15,340.187500,3521.000
1785222276.416605473,0.982902,7,15,341.843750,3531.000
1785222276.416605473,0.982902,7,9,343.484375,3547.000
1785222276.416605473,0.982902,7,9,345.125000,3569.500
1785222276.416605473,0.982902,7,9,346.765625,3583.250
1785222276.416605473,0.982902,7,15,348.406250,3588.750
1785222276.416605473,0.982902,7,12,350.062500,3586.250
1785222276.526594400,1.059866,8,15,353.328125,3800.750
1785222276.526594400,1.059866,8,15,354.984375,3859.000
1785222276.526594400,1.059866,8,15,356.640625,3901.250
1785222276.526594400,1.059866,8,11,358.296875,3949.750
1785222276.526594400,1.059866,8,10,359.937500,4015.500
1785222276.526594400,1.059866,8,15,1.578125,4077.250
1785222276.526594400,1.059866,8,15,3.234375,4118.500
1785222276.526594400,1.059866,8,15,4.890625,4140.750
1785222276.526594400,1.059866,8,15,10.687500,1226.000
1785222276.526594400,1.059866,8,15,12.281250,1209.250
1785222276.526594400,1.059866,8,15,13.875000,1212.000
1785222276.526594400,1.059866,8,15,15.546875,1221.750
1785222276.526594400,1.059866,8,8,184.093750,10191.500
1785222276.526594400,1.059866,8,15,195.765625,5226.750
1785222276.526594400,1.059866,8,15,197.421875,5187.000
1785222276.526594400,1.059866,8,15,218.796875,5875.500
1785222276.526594400,1.059866,8,15,223.765625,5229.250
1785222276.526594400,1.059866,8,15,225.406250,5076.750
1785222276.526594400,1.059866,8,15,228.734375,4776.750
1785222276.526594400,1.059866,8,15,230.406250,4659.000
1785222276.526594400,1.059866,8,15,233.796875,3369.250
1785222276.526594400,1.059866,8,15,235.468750,3359.000
1785222276.526594400,1.059866,8,15,240.359375,3840.250
1785222276.526594400,1.059866,8,15,242.015625,3772.500
1785222276.526594400,1.059866,8,15,243.640625,3729.750
1785222276.526594400,1.059866,8,15,245.312500,3666.500
1785222276.526594400,1.059866,8,15,246.968750,3590.000
1785222276.526594400,1.059866,8,15,248.609375,3543.250
1785222276.526594400,1.059866,8,15,250.265625,3499.500
1785222276.526594400,1.059866,8,15,251.890625,3447.000
1785222276.526594400,1.059866,8,15,253.562500,3394.750
1785222276.526594400,1.059866,8,15,256.843750,3507.000
1785222276.526594400,1.059866,8,15,258.468750,3471.500
1785222276.526594400,1.059866,8,15,261.718750,3726.500
1785222276.526594400,1.059866,8,15,263.375000,3744.500
1785222276.526594400,1.059866,8,15,265.046875,3726.250
1785222276.526594400,1.059866,8,15,266.703125,3703.500
1785222276.526594400,1.059866,8,15,268.343750,3691.500
1785222276.526594400,1.059866,8,15,269.984375,3684.750
1785222276.526594400,1.059866,8,15,271.609375,3679.750
1785222276.526594400,1.059866,8,15,273.281250,3674.500
1785222276.526594400,1.059866,8,15,274.890625,3671.750
1785222276.526594400,1.059866,8,15,276.531250,3682.750
1785222276.526594400,1.059866,8,15,278.156250,3703.000
1785222276.526594400,1.059866,8,15,279.796875,3706.250
1785222276.526594400,1.059866,8,15,281.468750,3716.000
1785222276.526594400,1.059866,8,15,283.093750,3750.000
1785222276.526594400,1.059866,8,15,284.734375,3762.750
1785222276.526594400,1.059866,8,15,286.375000,3773.500
1785222276.526594400,1.059866,8,15,288.015625,3801.750
1785222276.526594400,1.059866,8,15,289.656250,3833.750
1785222276.526594400,1.059866,8,15,292.968750,3612.750
1785222276.526594400,1.059866,8,15,297.921875,3269.000
1785222276.526594400,1.059866,8,15,299.703125,3322.500
1785222276.526594400,1.059866,8,15,301.390625,3363.000
1785222276.526594400,1.059866,8,15,303.015625,3409.250
1785222276.526594400,1.059866,8,15,304.671875,3473.500
1785222276.526594400,1.059866,8,15,306.312500,3545.250
1785222276.526594400,1.059866,8,11,307.937500,3613.500
1785222276.526594400,1.059866,8,13,314.546875,3638.500
1785222276.526594400,1.059866,8,7,316.218750,3600.500
1785222276.526594400,1.059866,8,9,317.890625,3538.750
1785222276.526594400,1.059866,8,15,319.546875,3501.750
1785222276.526594400,1.059866,8,15,321.187500,3499.250
1785222276.526594400,1.059866,8,15,322.843750,3491.000
1785222276.526594400,1.059866,8,15,324.484375,3475.750
1785222276.526594400,1.059866,8,15,326.140625,3473.000
1785222276.526594400,1.059866,8,15,327.796875,3475.500
1785222276.526594400,1.059866,8,15,329.437500,3475.000
1785222276.526594400,1.059866,8,15,331.078125,3477.500
1785222276.526594400,1.059866,8,15,332.750000,3483.750
1785222276.526594400,1.059866,8,15,334.406250,3494.250
1785222276.526594400,1.059866,8,15,336.031250,3508.750
1785222276.526594400,1.059866,8,15,337.687500,3511.500
1785222276.526594400,1.059866,8,15,339.343750,3521.250
1785222276.526594400,1.059866,8,12,341.000000,3540.000
1785222276.526594400,1.059866,8,12,342.656250,3548.000
1785222276.526594400,1.059866,8,9,344.296875,3559.750
1785222276.526594400,1.059866,8,15,345.937500,3586.250
1785222276.526594400,1.059866,8,13,347.578125,3596.750
1785222276.526594400,1.059866,8,15,349.203125,3590.750
1785222276.639075518,1.152453,9,15,350.859375,3591.500
1785222276.639075518,1.152453,9,15,354.109375,3820.750
1785222276.639075518,1.152453,9,15,355.781250,3878.500
1785222276.639075518,1.152453,9,15,357.421875,3940.250
1785222276.639075518,1.152453,9,12,359.046875,3997.250
1785222276.639075518,1.152453,9,9,0.703125,4042.500
1785222276.639075518,1.152453,9,15,2.343750,4091.000
1785222276.639075518,1.152453,9,15,3.984375,4130.250
1785222276.639075518,1.152453,9,15,11.421875,1215.000
1785222276.639075518,1.152453,9,15,13.093750,1211.250
1785222276.639075518,1.152453,9,15,14.750000,1208.000
1785222276.639075518,1.152453,9,15,198.296875,5180.000
1785222276.639075518,1.152453,9,15,218.046875,5972.000
1785222276.639075518,1.152453,9,15,223.015625,5220.000
1785222276.639075518,1.152453,9,15,234.640625,3363.750
1785222276.639075518,1.152453,9,15,236.265625,3388.250
1785222276.639075518,1.152453,9,15,239.500000,3898.250
1785222276.639075518,1.152453,9,15,241.156250,3822.750
1785222276.639075518,1.152453,9,15,242.828125,3749.500
1785222276.639075518,1.152453,9,15,244.468750,3692.000
1785222276.639075518,1.152453,9,15,246.125000,3622.500
1785222276.639075518,1.152453,9,15,247.765625,3563.000
1785222276.639075518,1.152453,9,15,249.421875,3512.000
1785222276.639075518,1.152453,9,15,251.062500,3465.500
1785222276.639075518,1.152453,9,15,252.734375,3418.750
1785222276.639075518,1.152453,9,15,254.375000,3401.250
1785222276.639075518,1.152453,9,15,256.015625,3458.500
1785222276.639075518,1.152453,9,15,257.656250,3480.250
1785222276.639075518,1.152453,9,15,259.296875,3510.500
1785222276.639075518,1.152453,9,15,262.546875,3753.250
1785222276.639075518,1.152453,9,15,264.218750,3733.750
1785222276.639075518,1.152453,9,15,265.859375,3705.750
1785222276.639075518,1.152453,9,15,267.500000,3694.500
1785222276.639075518,1.152453,9,15,269.156250,3691.500
1785222276.639075518,1.152453,9,15,270.796875,3682.000
1785222276.639075518,1.152453,9,15,272.437500,3680.250
1785222276.639075518,1.152453,9,15,274.078125,3682.000
1785222276.639075518,1.152453,9,15,275.718750,3685.250
1785222276.639075518,1.152453,9,15,277.390625,3690.500
1785222276.639075518,1.152453,9,15,279.015625,3703.000
1785222276.639075518,1.152453,9,15,280.656250,3716.000
1785222276.639075518,1.152453,9,15,282.296875,3739.000
1785222276.639075518,1.152453,9,15,283.953125,3764.250
1785222276.639075518,1.152453,9,15,285.593750,3774.000
1785222276.639075518,1.152453,9,15,287.234375,3787.750
1785222276.639075518,1.152453,9,15,288.890625,3811.750
1785222276.639075518,1.152453,9,15,293.843750,3584.000
1785222276.639075518,1.152453,9,15,297.171875,3292.250
1785222276.639075518,1.152453,9,15,298.921875,3294.250
1785222276.639075518,1.152453,9,15,300.578125,3341.000
1785222276.639075518,1.152453,9,15,302.203125,3385.500
1785222276.639075518,1.152453,9,15,303.859375,3444.000
1785222276.639075518,1.152453,9,15,305.484375,3512.250
1785222276.639075518,1.152453,9,15,307.125000,3591.000
1785222276.639075518,1.152453,9,15,308.765625,3672.750
1785222276.639075518,1.152453,9,13,313.734375,3674.500
1785222276.639075518,1.152453,9,6,315.390625,3613.250
1785222276.639075518,1.152453,9,13,317.062500,3559.250
1785222276.639075518,1.152453,9,15,318.703125,3520.750
1785222276.639075518,1.152453,9,15,320.375000,3492.500
1785222276.639075518,1.152453,9,15,322.031250,3486.750
1785222276.639075518,1.152453,9,15,323.671875,3489.750
1785222276.639075518,1.152453,9,15,325.328125,3484.250
1785222276.639075518,1.152453,9,15,326.968750,3474.250
1785222276.639075518,1.152453,9,15,328.609375,3470.250
1785222276.639075518,1.152453,9,15,330.281250,3474.500
1785222276.639075518,1.152453,9,15,331.921875,3482.500
1785222276.639075518,1.152453,9,15,333.578125,3487.250
1785222276.639075518,1.152453,9,15,335.234375,3497.750
1785222276.639075518,1.152453,9,15,336.890625,3512.500
1785222276.639075518,1.152453,9,15,338.531250,3518.250
1785222276.639075518,1.152453,9,15,340.187500,3524.250
1785222276.639075518,1.152453,9,15,341.843750,3531.250
1785222276.639075518,1.152453,9,10,343.484375,3548.000
1785222276.639075518,1.152453,9,8,345.109375,3572.000
1785222276.639075518,1.152453,9,11,346.750000,3585.000
1785222276.639075518,1.152453,9,14,348.421875,3588.250
1785222276.639075518,1.152453,9,14,350.062500,3585.500
1785222276.749897003,1.305888,10,15,353.328125,3803.750
1785222276.749897003,1.305888,10,15,354.968750,3861.250
1785222276.749897003,1.305888,10,15,356.609375,3919.750
1785222276.749897003,1.305888,10,10,358.250000,3988.500
1785222276.749897003,1.305888,10,10,359.906250,4041.000
1785222276.749897003,1.305888,10,15,1.546875,4082.250
1785222276.749897003,1.305888,10,15,3.203125,4121.500
1785222276.749897003,1.305888,10,15,10.609375,1223.500
1785222276.749897003,1.305888,10,15,12.328125,1208.000
1785222276.749897003,1.305888,10,15,13.953125,1211.500
1785222276.749897003,1.305888,10,15,15.546875,1221.250
1785222276.749897003,1.305888,10,15,197.468750,5194.750
1785222276.749897003,1.305888,10,15,218.828125,5873.750
1785222276.749897003,1.305888,10,15,225.468750,5070.000
1785222276.749897003,1.305888,10,15,227.062500,4935.250
1785222276.749897003,1.305888,10,15,230.390625,4659.000
1785222276.749897003,1.305888,10,15,233.765625,3378.000
1785222276.749897003,1.305888,10,15,235.406250,3366.250
1785222276.749897003,1.305888,10,15,240.312500,3843.750
1785222276.749897003,1.305888,10,15,241.953125,3773.750
1785222276.749897003,1.305888,10,15,243.578125,3727.750
1785222276.749897003,1.305888,10,15,245.250000,3675.250
1785222276.749897003,1.305888,10,15,246.921875,3605.000
1785222276.749897003,1.305888,10,15,248.546875,3546.250
1785222276.749897003,1.305888,10,15,250.203125,3497.000
1785222276.749897003,1.305888,10,15,251.859375,3444.750
1785222276.749897003,1.305888,10,15,253.531250,3395.500
1785222276.749897003,1.305888,10,15,256.796875,3513.250
1785222276.749897003,1.305888,10,15,258.437500,3469.250
1785222276.749897003,1.305888,10,15,261.703125,3725.750
1785222276.749897003,1.305888,10,15,263.328125,3744.000
1785222276.749897003,1.305888,10,15,265.000000,3726.000
1785222276.749897003,1.305888,10,15,266.625000,3688.750
1785222276.749897003,1.305888,10,15,268.265625,3681.500
1785222276.749897003,1.305888,10,15,269.906250,3691.750
1785222276.749897003,1.305888,10,15,271.546875,3684.000
1785222276.749897003,1.305888,10,15,273.203125,3678.750
1785222276.749897003,1.305888,10,15,274.859375,3674.000
1785222276.749897003,1.305888,10,15,276.500000,3685.250
1785222276.749897003,1.305888,10,15,278.156250,3704.750
1785222276.749897003,1.305888,10,15,279.781250,3707.500
1785222276.749897003,1.305888,10,15,281.421875,3719.000
1785222276.749897003,1.305888,10,15,283.093750,3748.750
1785222276.749897003,1.305888,10,15,284.718750,3760.000
1785222276.749897003,1.305888,10,15,286.343750,3775.250
1785222276.749897003,1.305888,10,15,288.015625,3803.500
1785222276.749897003,1.305888,10,15,289.625000,3834.250
1785222276.749897003,1.305888,10,15,292.968750,3627.750
1785222276.749897003,1.305888,10,15,297.937500,3269.250
1785222276.749897003,1.305888,10,15,299.656250,3322.250
1785222276.749897003,1.305888,10,15,301.296875,3364.250
1785222276.749897003,1.305888,10,15,302.921875,3412.250
1785222276.749897003,1.305888,10,15,304.578125,3474.000
1785222276.749897003,1.305888,10,15,306.203125,3544.250
1785222276.749897003,1.305888,10,11,307.843750,3614.250
1785222276.749897003,1.305888,10,12,314.453125,3638.750
1785222276.749897003,1.305888,10,7,316.078125,3607.000
1785222276.749897003,1.305888,10,14,317.750000,3550.000
1785222276.749897003,1.305888,10,15,319.421875,3509.750
1785222276.749897003,1.305888,10,15,321.062500,3501.500
1785222276.749897003,1.305888,10,15,322.734375,3489.750
1785222276.749897003,1.305888,10,15,324.375000,3478.250
1785222276.749897003,1.305888,10,15,326.031250,3472.000
1785222276.749897003,1.305888,10,15,327.687500,3474.250
1785222276.749897003,1.305888,10,15,329.343750,3477.750
1785222276.749897003,1.305888,10,15,331.000000,3479.000
1785222276.749897003,1.305888,10,15,332.640625,3483.750
1785222276.749897003,1.305888,10,15,334.281250,3494.750
1785222276.749897003,1.305888,10,15,335.937500,3505.750
1785222276.749897003,1.305888,10,15,337.593750,3508.750
1785222276.749897003,1.305888,10,15,339.234375,3523.250
1785222276.749897003,1.305888,10,15,340.890625,3541.250
1785222276.749897003,1.305888,10,12,342.531250,3548.000
1785222276.749897003,1.305888,10,8,344.171875,3560.750
1785222276.749897003,1.305888,10,9,345.843750,3581.500
1785222276.749897003,1.305888,10,12,347.500000,3590.250
1785222276.749897003,1.305888,10,15,349.156250,3587.750
1785222276.864288568,1.383687,11,15,350.796875,3611.750
1785222276.864288568,1.383687,11,15,354.078125,3825.000
1785222276.864288568,1.383687,11,15,355.703125,3881.750
1785222276.864288568,1.383687,11,15,357.359375,3938.000
1785222276.864288568,1.383687,11,13,359.015625,3996.000
1785222276.864288568,1.383687,11,11,0.656250,4042.750
1785222276.864288568,1.383687,11,15,2.296875,4091.000
1785222276.864288568,1.383687,11,15,3.968750,4131.500
1785222276.864288568,1.383687,11,15,11.375000,1213.750
1785222276.864288568,1.383687,11,15,12.984375,1210.250
1785222276.864288568,1.383687,11,15,14.640625,1208.000
1785222276.864288568,1.383687,11,15,198.234375,5177.000
1785222276.864288568,1.383687,11,15,224.500000,5166.250
1785222276.864288568,1.383687,11,15,226.156250,5019.750
1785222276.864288568,1.383687,11,15,227.796875,4879.000
1785222276.864288568,1.383687,11,15,229.421875,4739.750
1785222276.864288568,1.383687,11,15,234.484375,3374.000
1785222276.864288568,1.383687,11,15,236.140625,3359.250
1785222276.864288568,1.383687,11,15,239.343750,3901.750
1785222276.864288568,1.383687,11,15,241.000000,3822.500
1785222276.864288568,1.383687,11,15,242.640625,3753.000
1785222276.864288568,1.383687,11,15,244.281250,3695.250
1785222276.864288568,1.383687,11,15,245.953125,3625.000
1785222276.864288568,1.383687,11,15,247.593750,3576.500
1785222276.864288568,1.383687,11,15,249.250000,3532.250
1785222276.864288568,1.383687,11,15,250.921875,3484.250
1785222276.864288568,1.383687,11,15,252.562500,3433.750
1785222276.864288568,1.383687,11,15,254.250000,3389.750
1785222276.864288568,1.383687,11,15,257.484375,3492.750
1785222276.864288568,1.383687,11,15,259.140625,3519.000
1785222276.864288568,1.383687,11,15,262.421875,3755.750
1785222276.864288568,1.383687,11,15,264.046875,3745.000
1785222276.864288568,1.383687,11,15,265.718750,3730.500
1785222276.864288568,1.383687,11,15,267.343750,3707.250
1785222276.864288568,1.383687,11,15,268.984375,3689.750
1785222276.864288568,1.383687,11,15,270.625000,3685.000
1785222276.864288568,1.383687,11,15,272.296875,3685.250
1785222276.864288568,1.383687,11,15,273.921875,3684.250
1785222276.864288568,1.383687,11,15,275.531250,3681.000
1785222276.864288568,1.383687,11,15,277.203125,3687.000
1785222276.864288568,1.383687,11,15,278.812500,3703.000
1785222276.864288568,1.383687,11,15,280.453125,3723.250
1785222276.864288568,1.383687,11,15,282.109375,3741.500
1785222276.864288568,1.383687,11,15,283.750000,3761.000
1785222276.864288568,1.383687,11,15,285.375000,3774.500
1785222276.864288568,1.383687,11,15,287.046875,3787.250
1785222276.864288568,1.383687,11,15,288.671875,3814.250
1785222276.864288568,1.383687,11,15,290.296875,3800.000
1785222276.864288568,1.383687,11,15,293.609375,3558.250
1785222276.864288568,1.383687,11,15,298.640625,3289.750
1785222276.864288568,1.383687,11,15,300.296875,3339.000
1785222276.864288568,1.383687,11,15,301.937500,3382.250
1785222276.864288568,1.383687,11,15,303.578125,3439.250
1785222276.864288568,1.383687,11,15,305.218750,3502.000
1785222276.864288568,1.383687,11,15,306.859375,3572.500
1785222276.864288568,1.383687,11,15,308.500000,3653.750
1785222276.864288568,1.383687,11,14,313.437500,3666.500
1785222276.864288568,1.383687,11,7,315.078125,3612.250
1785222276.864288568,1.383687,11,9,316.734375,3562.000
1785222276.864288568,1.383687,11,14,318.390625,3521.750
1785222276.864288568,1.383687,11,15,320.031250,3497.000
1785222276.864288568,1.383687,11,15,321.671875,3488.250
1785222276.864288568,1.383687,11,15,323.359375,3489.500
1785222276.864288568,1.383687,11,15,325.000000,3480.750
1785222276.864288568,1.383687,11,15,326.640625,3471.500
1785222276.864288568,1.383687,11,15,328.281250,3472.000
1785222276.864288568,1.383687,11,15,329.953125,3472.000
1785222276.864288568,1.383687,11,15,331.578125,3485.250
1785222276.864288568,1.383687,11,15,333.250000,3489.000
1785222276.864288568,1.383687,11,15,334.875000,3498.250
1785222276.864288568,1.383687,11,15,336.546875,3520.000
1785222276.864288568,1.383687,11,15,338.187500,3519.250
1785222276.864288568,1.383687,11,15,339.828125,3522.250
1785222276.864288568,1.383687,11,14,341.484375,3530.000
1785222276.864288568,1.383687,11,12,343.125000,3543.250
1785222276.864288568,1.383687,11,12,344.765625,3565.250
1785222276.864288568,1.383687,11,10,346.453125,3590.500
1785222276.864288568,1.383687,11,15,348.093750,3601.750
1785222276.864288568,1.383687,11,12,349.750000,3588.000
1785222276.976598740,1.551560,12,11,353.015625,3787.000
1785222276.976598740,1.551560,12,15,354.671875,3840.250
1785222276.976598740,1.551560,12,15,356.312500,3897.500
1785222276.976598740,1.551560,12,12,357.968750,3961.250
1785222276.976598740,1.551560,12,14,359.593750,4009.500
1785222276.976598740,1.551560,12,15,1.250000,4060.250
1785222276.976598740,1.551560,12,15,2.890625,4113.500
1785222276.976598740,1.551560,12,15,4.531250,4140.500
1785222276.976598740,1.551560,12,15,11.937500,1210.750
1785222276.976598740,1.551560,12,15,13.531250,1212.250
1785222276.976598740,1.551560,12,15,15.203125,1212.000
1785222276.976598740,1.551560,12,8,178.671875,10233.250
1785222276.976598740,1.551560,12,15,218.281250,5954.250
1785222276.976598740,1.551560,12,15,233.265625,3432.250
1785222276.976598740,1.551560,12,15,234.890625,3369.000
1785222276.976598740,1.551560,12,15,239.765625,3871.500
1785222276.976598740,1.551560,12,15,241.437500,3786.500
1785222276.976598740,1.551560,12,15,243.078125,3734.000
1785222276.976598740,1.551560,12,15,244.718750,3695.250
1785222276.976598740,1.551560,12,15,246.390625,3620.750
1785222276.976598740,1.551560,12,15,248.031250,3562.250
1785222276.976598740,1.551560,12,15,249.671875,3522.000
1785222276.976598740,1.551560,12,15,251.343750,3468.250
1785222276.976598740,1.551560,12,15,253.015625,3418.500
1785222276.976598740,1.551560,12,15,254.640625,3425.250
1785222276.976598740,1.551560,12,15,256.296875,3476.000
1785222276.976598740,1.551560,12,15,257.937500,3478.500
1785222276.976598740,1.551560,12,15,259.562500,3511.000
1785222276.976598740,1.551560,12,15,262.828125,3755.750
1785222276.976598740,1.551560,12,15,264.500000,3732.750
1785222276.976598740,1.551560,12,15,266.140625,3722.500
1785222276.976598740,1.551560,12,15,267.796875,3710.000
1785222276.976598740,1.551560,12,15,269.406250,3689.250
1785222276.976598740,1.551560,12,15,271.062500,3677.250
1785222276.976598740,1.551560,12,15,272.718750,3673.250
1785222276.976598740,1.551560,12,15,274.343750,3681.000
1785222276.976598740,1.551560,12,15,275.968750,3680.250
1785222276.976598740,1.551560,12,15,277.609375,3688.750
1785222276.976598740,1.551560,12,15,279.218750,3707.750
1785222276.976598740,1.551560,12,15,280.875000,3720.250
1785222276.976598740,1.551560,12,15,282.531250,3743.250
1785222276.976598740,1.551560,12,15,284.140625,3753.000
1785222276.976598740,1.551560,12,15,285.812500,3762.500
1785222276.976598740,1.551560,12,15,287.421875,3791.750
1785222276.976598740,1.551560,12,15,289.062500,3824.500
1785222276.976598740,1.551560,12,15,294.031250,3561.250
1785222276.976598740,1.551560,12,15,297.343750,3283.250
1785222276.976598740,1.551560,12,15,299.062500,3312.000
1785222276.976598740,1.551560,12,15,300.718750,3358.250
1785222276.976598740,1.551560,12,15,302.328125,3387.250
1785222276.976598740,1.551560,12,15,303.984375,3446.750
1785222276.976598740,1.551560,12,15,305.625000,3516.000
1785222276.976598740,1.551560,12,15,307.250000,3599.000
1785222276.976598740,1.551560,12,15,308.906250,3679.500
1785222276.976598740,1.551560,12,13,313.859375,3674.750
1785222276.976598740,1.551560,12,6,315.500000,3612.250
1785222276.976598740,1.551560,12,13,317.140625,3554.500
1785222276.976598740,1.551560,12,15,318.812500,3526.000
1785222276.976598740,1.551560,12,15,320.437500,3505.000
1785222276.976598740,1.551560,12,15,322.093750,3488.000
1785222276.976598740,1.551560,12,15,323.796875,3488.750
1785222276.976598740,1.551560,12,15,325.453125,3481.000
1785222276.976598740,1.551560,12,15,327.093750,3471.000
1785222276.976598740,1.551560,12,15,328.734375,3470.000
1785222276.976598740,1.551560,12,15,330.375000,3490.000
1785222276.976598740,1.551560,12,15,332.046875,3497.250
1785222276.976598740,1.551560,12,15,333.687500,3487.500
1785222276.976598740,1.551560,12,15,335.343750,3495.500
1785222276.976598740,1.551560,12,15,336.984375,3509.000
1785222276.976598740,1.551560,12,15,338.625000,3523.000
1785222276.976598740,1.551560,12,15,340.265625,3530.500
1785222276.976598740,1.551560,12,15,341.921875,3533.250
1785222276.976598740,1.551560,12,7,343.562500,3551.500
1785222276.976598740,1.551560,12,9,345.234375,3574.500
1785222276.976598740,1.551560,12,11,346.843750,3588.000
1785222276.976598740,1.551560,12,14,348.500000,3592.750
1785222276.976598740,1.551560,12,15,350.171875,3587.500
1785222277.087196827,1.628363,13,15,353.421875,3805.500
1785222277.087196827,1.628363,13,15,355.062500,3863.000
1785222277.087196827,1.628363,13,15,356.703125,3921.250
1785222277.087196827,1.628363,13,9,358.343750,3984.750
1785222277.087196827,1.628363,13,12,359.984375,4032.500
1785222277.087196827,1.628363,13,15,1.640625,4078.000
1785222277.087196827,1.628363,13,15,3.265625,4121.750
1785222277.087196827,1.628363,13,15,10.703125,1223.000
1785222277.087196827,1.628363,13,15,12.312500,1208.250
1785222277.087196827,1.628363,13,15,13.921875,1210.750
1785222277.087196827,1.628363,13,15,15.578125,1220.750
1785222277.087196827,1.628363,13,15,197.234375,5198.250
1785222277.087196827,1.628363,13,12,205.328125,8705.250
1785222277.087196827,1.628363,13,15,221.890625,5430.500
1785222277.087196827,1.628363,13,15,225.203125,5098.500
1785222277.087196827,1.628363,13,15,230.187500,4667.000
1785222277.087196827,1.628363,13,15,235.234375,3358.500
1785222277.087196827,1.628363,13,15,240.125000,3858.250
1785222277.087196827,1.628363,13,15,241.750000,3777.250
1785222277.087196827,1.628363,13,15,243.421875,3722.750
1785222277.087196827,1.628363,13,15,245.078125,3667.500
1785222277.087196827,1.628363,13,15,246.703125,3603.750
1785222277.087196827,1.628363,13,15,248.375000,3542.250
1785222277.087196827,1.628363,13,15,250.015625,3498.250
1785222277.087196827,1.628363,13,15,251.687500,3447.750
1785222277.087196827,1.628363,13,15,253.359375,3400.500
1785222277.087196827,1.628363,13,15,254.984375,3427.000
1785222277.087196827,1.628363,13,15,256.625000,3477.000
1785222277.087196827,1.628363,13,15,258.265625,3468.750
1785222277.087196827,1.628363,13,15,261.531250,3695.500
1785222277.087196827,1.628363,13,15,263.187500,3741.500
1785222277.087196827,1.628363,13,15,264.828125,3725.750
1785222277.087196827,1.628363,13,15,266.484375,3705.000
1785222277.087196827,1.628363,13,15,268.125000,3695.500
1785222277.087196827,1.628363,13,15,269.781250,3690.500
1785222277.087196827,1.628363,13,15,271.421875,3684.750
1785222277.087196827,1.628363,13,15,273.062500,3674.750
1785222277.087196827,1.628363,13,15,274.640625,3673.250
1785222277.087196827,1.628363,13,15,276.265625,3685.750
1785222277.087196827,1.628363,13,15,277.921875,3698.250
1785222277.087196827,1.628363,13,15,279.562500,3712.750
1785222277.087196827,1.628363,13,15,281.187500,3728.500
1785222277.087196827,1.628363,13,15,282.812500,3749.250
1785222277.087196827,1.628363,13,15,284.484375,3760.250
1785222277.087196827,1.628363,13,15,286.109375,3771.000
1785222277.087196827,1.628363,13,15,287.765625,3793.000
1785222277.087196827,1.628363,13,15,289.406250,3827.000
1785222277.087196827,1.628363,13,15,294.359375,3529.250
1785222277.087196827,1.628363,13,15,297.671875,3267.500
1785222277.087196827,1.628363,13,15,299.375000,3308.750
1785222277.087196827,1.628363,13,15,301.031250,3355.750
1785222277.087196827,1.628363,13,15,302.656250,3394.750
1785222277.087196827,1.628363,13,15,304.281250,3458.250
1785222277.087196827,1.628363,13,15,305.921875,3528.250
1785222277.087196827,1.628363,13,15,307.578125,3601.500
1785222277.087196827,1.628363,13,11,314.156250,3642.250
1785222277.087196827,1.628363,13,7,315.828125,3609.500
1785222277.087196827,1.628363,13,14,317.468750,3555.000
1785222277.087196827,1.628363,13,15,319.093750,3518.750
1785222277.087196827,1.628363,13,15,320.765625,3504.750
1785222277.087196827,1.628363,13,15,322.468750,3492.750
1785222277.087196827,1.628363,13,15,324.125000,3484.250
1785222277.087196827,1.628363,13,15,325.781250,3481.000
1785222277.087196827,1.628363,13,15,327.421875,3475.500
1785222277.087196827,1.628363,13,15,329.062500,3477.000
1785222277.087196827,1.628363,13,15,330.734375,3483.750
1785222277.087196827,1.628363,13,15,332.359375,3493.750
1785222277.087196827,1.628363,13,15,334.015625,3499.500
1785222277.087196827,1.628363,13,15,335.656250,3503.750
1785222277.087196827,1.628363,13,15,337.296875,3514.750
1785222277.087196827,1.628363,13,15,338.984375,3530.750
1785222277.087196827,1.628363,13,15,340.625000,3542.500
1785222277.087196827,1.628363,13,12,342.250000,3546.750
1785222277.087196827,1.628363,13,8,343.937500,3565.500
1785222277.087196827,1.628363,13,15,345.578125,3595.000
1785222277.087196827,1.628363,13,10,347.171875,3601.500
1785222277.087196827,1.628363,13,11,348.812500,3592.750
1785222277.198971033,1.736882,14,15,350.468750,3589.000
1785222277.198971033,1.736882,14,15,353.734375,3814.500
1785222277.198971033,1.736882,14,15,355.375000,3873.000
1785222277.198971033,1.736882,14,15,357.015625,3924.250
1785222277.198971033,1.736882,14,12,358.656250,3984.000
1785222277.198971033,1.736882,14,12,0.281250,4043.750
1785222277.198971033,1.736882,14,15,1.953125,4091.500
1785222277.198971033,1.736882,14,15,3.578125,4127.750
1785222277.198971033,1.736882,14,15,11.062500,1219.500
1785222277.198971033,1.736882,14,15,12.609375,1208.000
1785222277.198971033,1.736882,14,15,14.218750,1211.250
1785222277.198971033,1.736882,14,15,197.578125,5186.000
1785222277.198971033,1.736882,14,15,222.265625,5393.000
1785222277.198971033,1.736882,14,15,227.281250,4889.500
1785222277.198971033,1.736882,14,15,228.937500,4774.250
1785222277.198971033,1.736882,14,15,230.578125,4658.750
1785222277.198971033,1.736882,14,15,233.984375,3389.500
1785222277.198971033,1.736882,14,15,235.625000,3362.000
1785222277.198971033,1.736882,14,15,238.859375,3908.250
1785222277.198971033,1.736882,14,15,240.531250,3855.750
1785222277.198971033,1.736882,14,15,242.187500,3782.250
1785222277.198971033,1.736882,14,15,243.843750,3722.750
1785222277.198971033,1.736882,14,15,245.500000,3650.250
1785222277.198971033,1.736882,14,15,247.156250,3584.500
1785222277.198971033,1.736882,14,15,248.812500,3533.000
1785222277.198971033,1.736882,14,15,250.453125,3476.250
1785222277.198971033,1.736882,14,15,252.125000,3433.250
1785222277.198971033,1.736882,14,15,253.750000,3397.250
1785222277.198971033,1.736882,14,15,257.062500,3479.750
1785222277.198971033,1.736882,14,15,258.671875,3496.000
1785222277.198971033,1.736882,14,15,261.953125,3749.500
1785222277.198971033,1.736882,14,15,263.625000,3754.250
1785222277.198971033,1.736882,14,15,265.250000,3716.500
1785222277.198971033,1.736882,14,15,266.890625,3677.500
1785222277.198971033,1.736882,14,15,268.546875,3676.000
1785222277.198971033,1.736882,14,15,270.187500,3679.750
1785222277.198971033,1.736882,14,15,271.843750,3677.250
1785222277.198971033,1.736882,14,15,273.515625,3675.250
1785222277.198971033,1.736882,14,15,275.109375,3688.250
1785222277.198971033,1.736882,14,15,276.750000,3698.500
1785222277.198971033,1.736882,14,15,278.390625,3700.250
1785222277.198971033,1.736882,14,15,280.000000,3717.250
1785222277.198971033,1.736882,14,15,281.671875,3734.500
1785222277.198971033,1.736882,14,15,283.312500,3752.750
1785222277.198971033,1.736882,14,15,284.953125,3765.250
1785222277.198971033,1.736882,14,15,286.593750,3783.250
1785222277.198971033,1.736882,14,15,288.218750,3806.000
1785222277.198971033,1.736882,14,15,289.875000,3838.750
1785222277.198971033,1.736882,14,15,298.156250,3276.500
1785222277.198971033,1.736882,14,15,299.890625,3328.750
1785222277.198971033,1.736882,14,15,301.546875,3368.000
1785222277.198971033,1.736882,14,15,303.187500,3417.000
1785222277.198971033,1.736882,14,15,304.828125,3480.750
1785222277.198971033,1.736882,14,15,306.484375,3553.750
1785222277.198971033,1.736882,14,7,308.109375,3634.500
1785222277.198971033,1.736882,14,12,314.750000,3648.000
1785222277.198971033,1.736882,14,7,316.406250,3596.000
1785222277.198971033,1.736882,14,13,318.046875,3540.250
1785222277.198971033,1.736882,14,15,319.703125,3503.250
1785222277.198971033,1.736882,14,15,321.359375,3497.750
1785222277.198971033,1.736882,14,15,323.015625,3504.250
1785222277.198971033,1.736882,14,15,324.671875,3492.750
1785222277.198971033,1.736882,14,15,326.328125,3470.750
1785222277.198971033,1.736882,14,15,327.968750,3465.250
1785222277.198971033,1.736882,14,15,329.609375,3474.500
1785222277.198971033,1.736882,14,15,331.281250,3484.250
1785222277.198971033,1.736882,14,15,332.937500,3482.500
1785222277.198971033,1.736882,14,15,334.578125,3493.500
1785222277.198971033,1.736882,14,15,336.234375,3509.500
1785222277.198971033,1.736882,14,15,337.890625,3512.750
1785222277.198971033,1.736882,14,15,339.531250,3523.250
1785222277.198971033,1.736882,14,15,341.171875,3540.000
1785222277.198971033,1.736882,14,9,342.828125,3550.750
1785222277.198971033,1.736882,14,11,344.484375,3562.500
1785222277.198971033,1.736882,14,7,346.125000,3584.250
1785222277.198971033,1.736882,14,15,347.734375,3595.500
1785222277.198971033,1.736882,14,15,349.406250,3589.500
1785222277.310143232,1.814515,15,15,351.046875,3607.500
1785222277.310143232,1.814515,15,15,354.312500,3837.000
1785222277.310143232,1.814515,15,15,355.953125,3894.500
1785222277.310143232,1.814515,15,15,357.578125,3950.750
1785222277.310143232,1.814515,15,13,359.234375,4010.250
1785222277.310143232,1.814515,15,15,0.875000,4042.750
1785222277.310143232,1.814515,15,15,2.515625,4089.500
1785222277.310143232,1.814515,15,15,4.171875,4138.250
1785222277.310143232,1.814515,15,15,11.593750,1213.750
1785222277.310143232,1.814515,15,15,13.218750,1211.750
1785222277.310143232,1.814515,15,15,14.890625,1208.500
1785222277.310143232,1.814515,15,15,198.281250,5177.500
1785222277.310143232,1.814515,15,15,218.015625,5972.500
1785222277.310143232,1.814515,15,15,222.968750,5221.000
1785222277.310143232,1.814515,15,15,234.671875,3364.750
1785222277.310143232,1.814515,15,15,236.296875,3387.250
1785222277.310143232,1.814515,15,15,239.546875,3894.500
1785222277.310143232,1.814515,15,15,241.203125,3823.750
1785222277.310143232,1.814515,15,15,242.859375,3748.750
1785222277.310143232,1.814515,15,15,244.500000,3689.250
1785222277.310143232,1.814515,15,15,246.156250,3622.250
1785222277.310143232,1.814515,15,15,247.812500,3564.750
1785222277.310143232,1.814515,15,15,249.437500,3516.500
1785222277.310143232,1.814515,15,15,251.093750,3469.250
1785222277.310143232,1.814515,15,15,252.765625,3420.500
1785222277.310143232,1.814515,15,15,254.390625,3403.500
1785222277.310143232,1.814515,15,15,256.046875,3457.750
1785222277.310143232,1.814515,15,15,257.687500,3479.250
1785222277.310143232,1.814515,15,15,259.328125,3511.250
1785222277.310143232,1.814515,15,15,262.609375,3755.250
1785222277.310143232,1.814515,15,15,264.234375,3730.500
1785222277.310143232,1.814515,15,15,265.906250,3706.750
1785222277.310143232,1.814515,15,15,267.546875,3694.000
1785222277.310143232,1.814515,15,15,269.171875,3690.000
1785222277.310143232,1.814515,15,15,270.843750,3681.000
1785222277.310143232,1.814515,15,15,272.484375,3672.250
1785222277.310143232,1.814515,15,15,274.125000,3670.250
1785222277.310143232,1.814515,15,15,275.781250,3664.500
1785222277.310143232,1.814515,15,15,277.421875,3673.750
1785222277.310143232,1.814515,15,15,279.046875,3701.500
1785222277.310143232,1.814515,15,15,280.687500,3714.750
1785222277.310143232,1.814515,15,15,282.328125,3737.750
1785222277.310143232,1.814515,15,15,283.984375,3760.500
1785222277.310143232,1.814515,15,15,285.593750,3770.000
1785222277.310143232,1.814515,15,15,287.281250,3787.000
1785222277.310143232,1.814515,15,15,288.890625,3815.750
1785222277.310143232,1.814515,15,15,293.843750,3587.000
1785222277.310143232,1.814515,15,15,297.203125,3291.500
1785222277.310143232,1.814515,15,15,298.921875,3294.750
1785222277.310143232,1.814515,15,15,300.593750,3341.750
1785222277.310143232,1.814515,15,15,302.234375,3387.250
1785222277.310143232,1.814515,15,15,303.843750,3447.250
1785222277.310143232,1.814515,15,15,305.515625,3515.750
1785222277.310143232,1.814515,15,15,307.140625,3577.500
1785222277.310143232,1.814515,15,11,312.109375,3560.500
1785222277.310143232,1.814515,15,13,313.765625,3496.250
1785222277.310143232,1.814515,15,15,315.421875,3472.750
1785222277.310143232,1.814515,15,4,317.078125,3429.500
1785222277.310143232,1.814515,15,6,318.734375,3386.250
1785222277.310143232,1.814515,15,6,320.375000,3373.000
1785222277.310143232,1.814515,15,9,322.031250,3365.500
1785222277.310143232,1.814515,15,7,323.718750,3360.750
1785222277.310143232,1.814515,15,15,325.390625,3353.250
1785222277.310143232,1.814515,15,15,327.015625,3348.250
1785222277.310143232,1.814515,15,15,328.703125,3345.750
1785222277.310143232,1.814515,15,12,330.328125,3343.750
1785222277.310143232,1.814515,15,15,331.968750,3347.750
1785222277.310143232,1.814515,15,9,333.640625,3355.500
1785222277.310143232,1.814515,15,6,335.296875,3367.500
1785222277.310143232,1.814515,15,8,336.953125,3379.750
1785222277.310143232,1.814515,15,6,338.593750,3389.250
1785222277.310143232,1.814515,15,8,340.250000,3394.750
1785222277.310143232,1.814515,15,15,341.890625,3413.750
1785222277.310143232,1.814515,15,15,343.562500,3450.500
1785222277.310143232,1.814515,15,15,345.203125,3490.500
1785222277.310143232,1.814515,15,15,346.781250,3517.750
1785222277.310143232,1.814515,15,15,348.421875,3529.250
1785222277.310143232,1.814515,15,10,350.062500,3554.250
